<?xml version="1.0" ?>
<autodock_gpu>
	<version>v1.5.3-104-g2e658c318d60806bc6bb361f11f8535d5fb1fe1f</version>
	<arguments>--lfile empty --ffile 3kgd_receptorFH_rigid.maps.fld --flexres HIE_AMP.pdbqt --resnam HAM</arguments>
	<grid>3kgd_receptorFH_rigid.maps.fld</grid>
	<ligand>empty</ligand>
	<flexres>HIE_AMP.pdbqt</flexres>
	<seed>1731357312 2175</seed>
	<ls_method>ad</ls_method>
	<autostop>yes</autostop>
	<heuristics>yes</heuristics>
	<run_requested>20</run_requested>
	<runs>
		<run id="1">
			<free_NRG_binding>   0.00</free_NRG_binding>
			<final_intermol_NRG> 0.00</final_intermol_NRG>
			<internal_ligand_NRG>-12.41</internal_ligand_NRG>
			<torsonial_free_NRG> 0.00</torsonial_free_NRG>
			<tran0>14.314492 18.897692 3.899713</tran0>
			<axisangle0>0.34351202 0.51409681 0.78594145 229.255936</axisangle0>
			<ndihe>10</ndihe>
			<dihe0>154.153107 192.787903 74.652954 13.691133 248.878754 257.514923 308.959686 91.964226 93.104179 53.017529
			</dihe0>
		</run>
		<run id="2">
			<free_NRG_binding>   0.00</free_NRG_binding>
			<final_intermol_NRG> 0.00</final_intermol_NRG>
			<internal_ligand_NRG>-12.47</internal_ligand_NRG>
			<torsonial_free_NRG> 0.00</torsonial_free_NRG>
			<tran0>12.144110 5.005013 2.387385</tran0>
			<axisangle0>0.14080631 -0.16567686 0.97607621 167.727997</axisangle0>
			<ndihe>10</ndihe>
			<dihe0>135.063782 1.273483 75.447685 13.249436 349.804596 311.393707 175.440521 88.228271 70.084839 51.696838
			</dihe0>
		</run>
		<run id="3">
			<free_NRG_binding>   0.00</free_NRG_binding>
			<final_intermol_NRG> 0.00</final_intermol_NRG>
			<internal_ligand_NRG>-12.36</internal_ligand_NRG>
			<torsonial_free_NRG> 0.00</torsonial_free_NRG>
			<tran0>15.596834 22.301110 19.237171</tran0>
			<axisangle0>0.39241339 0.91978895 0.00011984 213.359695</axisangle0>
			<ndihe>10</ndihe>
			<dihe0>130.457962 0.500519 75.811462 15.341980 356.317596 310.174774 169.074600 91.848808 68.040787 52.333801
			</dihe0>
		</run>
		<run id="4">
			<free_NRG_binding>   0.00</free_NRG_binding>
			<final_intermol_NRG> 0.00</final_intermol_NRG>
			<internal_ligand_NRG>-12.47</internal_ligand_NRG>
			<torsonial_free_NRG> 0.00</torsonial_free_NRG>
			<tran0>11.394026 0.875048 8.116066</tran0>
			<axisangle0>0.61492932 -0.65434945 0.44010081 258.842590</axisangle0>
			<ndihe>10</ndihe>
			<dihe0>121.395287 8.592594 75.445793 14.414551 277.934845 246.813736 292.303802 89.680695 98.798439 52.271133
			</dihe0>
		</run>
		<run id="5">
			<free_NRG_binding>   0.00</free_NRG_binding>
			<final_intermol_NRG> 0.00</final_intermol_NRG>
			<internal_ligand_NRG>-12.47</internal_ligand_NRG>
			<torsonial_free_NRG> 0.00</torsonial_free_NRG>
			<tran0>16.365274 17.503035 18.774761</tran0>
			<axisangle0>-0.85288704 0.14739524 -0.50085761 248.655884</axisangle0>
			<ndihe>10</ndihe>
			<dihe0>129.904037 1.766720 75.728676 14.032088 350.825073 310.910156 175.048782 88.154335 70.055313 51.695774
			</dihe0>
		</run>
		<run id="6">
			<free_NRG_binding>   0.00</free_NRG_binding>
			<final_intermol_NRG> 0.00</final_intermol_NRG>
			<internal_ligand_NRG>-12.38</internal_ligand_NRG>
			<torsonial_free_NRG> 0.00</torsonial_free_NRG>
			<tran0>13.286738 3.264284 6.730389</tran0>
			<axisangle0>-0.49532871 0.69942468 0.51522285 118.636620</axisangle0>
			<ndihe>10</ndihe>
			<dihe0>146.676224 192.115311 74.222008 13.803635 239.739212 256.145264 313.890076 105.115059 81.133392 49.509708
			</dihe0>
		</run>
		<run id="7">
			<free_NRG_binding>   0.00</free_NRG_binding>
			<final_intermol_NRG> 0.00</final_intermol_NRG>
			<internal_ligand_NRG>-12.43</internal_ligand_NRG>
			<torsonial_free_NRG> 0.00</torsonial_free_NRG>
			<tran0>13.284086 20.671017 15.771920</tran0>
			<axisangle0>0.52584975 0.62657505 0.57522669 227.696518</axisangle0>
			<ndihe>10</ndihe>
			<dihe0>123.989410 9.411437 76.805397 13.934058 277.039398 240.857590 292.479309 108.101158 86.264961 49.168072
			</dihe0>
		</run>
		<run id="8">
			<free_NRG_binding>   0.00</free_NRG_binding>
			<final_intermol_NRG> 0.00</final_intermol_NRG>
			<internal_ligand_NRG>-12.42</internal_ligand_NRG>
			<torsonial_free_NRG> 0.00</torsonial_free_NRG>
			<tran0>15.567842 21.804242 14.030416</tran0>
			<axisangle0>-0.36095273 0.69953252 0.61673932 45.717510</axisangle0>
			<ndihe>10</ndihe>
			<dihe0>150.967850 194.682465 74.682190 13.695176 248.965729 252.811691 308.508545 107.777489 81.174438 49.452328
			</dihe0>
		</run>
		<run id="9">
			<free_NRG_binding>   0.00</free_NRG_binding>
			<final_intermol_NRG> 0.00</final_intermol_NRG>
			<internal_ligand_NRG>-12.41</internal_ligand_NRG>
			<torsonial_free_NRG> 0.00</torsonial_free_NRG>
			<tran0>10.365214 17.304208 20.928643</tran0>
			<axisangle0>-0.33483423 -0.62485880 -0.70529251 106.290810</axisangle0>
			<ndihe>10</ndihe>
			<dihe0>152.007904 196.076981 76.746078 12.257379 322.911560 325.010162 195.430725 82.616577 68.221756 52.013233
			</dihe0>
		</run>
		<run id="10">
			<free_NRG_binding>   0.00</free_NRG_binding>
			<final_intermol_NRG> 0.00</final_intermol_NRG>
			<internal_ligand_NRG>-12.45</internal_ligand_NRG>
			<torsonial_free_NRG> 0.00</torsonial_free_NRG>
			<tran0>2.092268 1.407699 18.868815</tran0>
			<axisangle0>-0.77774126 0.02279649 0.62817104 243.045883</axisangle0>
			<ndihe>10</ndihe>
			<dihe0>135.661209 0.940797 75.330193 14.227082 349.619476 310.696716 176.119949 85.707733 72.283562 52.425179
			</dihe0>
		</run>
		<run id="11">
			<free_NRG_binding>   0.00</free_NRG_binding>
			<final_intermol_NRG> 0.00</final_intermol_NRG>
			<internal_ligand_NRG>-12.40</internal_ligand_NRG>
			<torsonial_free_NRG> 0.00</torsonial_free_NRG>
			<tran0>13.357495 12.019720 9.725192</tran0>
			<axisangle0>0.17246253 -0.59454130 -0.78535172 153.186142</axisangle0>
			<ndihe>10</ndihe>
			<dihe0>145.020645 191.927582 74.380501 13.801746 242.992950 256.612518 312.111206 99.590256 86.662163 51.395237
			</dihe0>
		</run>
		<run id="12">
			<free_NRG_binding>   0.00</free_NRG_binding>
			<final_intermol_NRG> 0.00</final_intermol_NRG>
			<internal_ligand_NRG>-12.44</internal_ligand_NRG>
			<torsonial_free_NRG> 0.00</torsonial_free_NRG>
			<tran0>8.926659 9.784652 24.255655</tran0>
			<axisangle0>0.66532031 0.60760747 -0.43377650 201.477219</axisangle0>
			<ndihe>10</ndihe>
			<dihe0>146.879425 197.180328 76.849983 12.488824 317.644073 327.630310 198.228546 81.554535 68.239182 52.091038
			</dihe0>
		</run>
		<run id="13">
			<free_NRG_binding>   0.00</free_NRG_binding>
			<final_intermol_NRG> 0.00</final_intermol_NRG>
			<internal_ligand_NRG>-12.28</internal_ligand_NRG>
			<torsonial_free_NRG> 0.00</torsonial_free_NRG>
			<tran0>1.986535 22.356484 14.100195</tran0>
			<axisangle0>0.38488414 -0.89844417 0.21133451 233.766357</axisangle0>
			<ndihe>10</ndihe>
			<dihe0>144.089081 188.818680 73.675438 14.592381 239.254425 265.808685 319.736084 65.828529 112.626892 58.527637
			</dihe0>
		</run>
		<run id="14">
			<free_NRG_binding>   0.00</free_NRG_binding>
			<final_intermol_NRG> 0.00</final_intermol_NRG>
			<internal_ligand_NRG>-12.47</internal_ligand_NRG>
			<torsonial_free_NRG> 0.00</torsonial_free_NRG>
			<tran0>9.808572 14.725895 7.260540</tran0>
			<axisangle0>0.83207003 -0.54911964 -0.07827564 195.360504</axisangle0>
			<ndihe>10</ndihe>
			<dihe0>119.461197 8.742333 77.096626 15.468333 279.677856 242.881012 291.305206 95.987419 95.663452 52.135834
			</dihe0>
		</run>
		<run id="15">
			<free_NRG_binding>   0.00</free_NRG_binding>
			<final_intermol_NRG> 0.00</final_intermol_NRG>
			<internal_ligand_NRG>-12.47</internal_ligand_NRG>
			<torsonial_free_NRG> 0.00</torsonial_free_NRG>
			<tran0>18.415104 9.364451 9.490492</tran0>
			<axisangle0>-0.68444252 0.45787822 0.56734995 236.897034</axisangle0>
			<ndihe>10</ndihe>
			<dihe0>124.158409 8.179985 76.410210 14.468104 277.906311 245.619308 292.027466 92.608604 97.168991 51.918545
			</dihe0>
		</run>
		<run id="16">
			<free_NRG_binding>   0.00</free_NRG_binding>
			<final_intermol_NRG> 0.00</final_intermol_NRG>
			<internal_ligand_NRG>-12.47</internal_ligand_NRG>
			<torsonial_free_NRG> 0.00</torsonial_free_NRG>
			<tran0>18.164111 6.422268 2.829314</tran0>
			<axisangle0>0.49890261 0.62455107 0.60085951 277.943817</axisangle0>
			<ndihe>10</ndihe>
			<dihe0>135.973663 1.142365 75.228752 13.456567 349.598969 311.441132 175.410736 87.920776 70.234184 51.758030
			</dihe0>
		</run>
		<run id="17">
			<free_NRG_binding>   0.00</free_NRG_binding>
			<final_intermol_NRG> 0.00</final_intermol_NRG>
			<internal_ligand_NRG>-12.25</internal_ligand_NRG>
			<torsonial_free_NRG> 0.00</torsonial_free_NRG>
			<tran0>14.292249 22.652866 16.800852</tran0>
			<axisangle0>0.83828794 -0.54451943 -0.02778331 103.330040</axisangle0>
			<ndihe>10</ndihe>
			<dihe0>135.211441 0.143977 75.483948 16.031982 349.538361 307.233490 183.952332 57.102798 96.924362 61.543785
			</dihe0>
		</run>
		<run id="18">
			<free_NRG_binding>   0.00</free_NRG_binding>
			<final_intermol_NRG> 0.00</final_intermol_NRG>
			<internal_ligand_NRG>-12.42</internal_ligand_NRG>
			<torsonial_free_NRG> 0.00</torsonial_free_NRG>
			<tran0>2.637674 18.802224 7.869794</tran0>
			<axisangle0>-0.07342816 0.61577492 -0.78449318 53.923462</axisangle0>
			<ndihe>10</ndihe>
			<dihe0>148.650650 197.549728 76.684830 12.364567 317.161133 327.494446 198.568619 81.648399 68.418930 52.090588
			</dihe0>
		</run>
		<run id="19">
			<free_NRG_binding>   0.00</free_NRG_binding>
			<final_intermol_NRG> 0.00</final_intermol_NRG>
			<internal_ligand_NRG>-12.45</internal_ligand_NRG>
			<torsonial_free_NRG> 0.00</torsonial_free_NRG>
			<tran0>5.260861 26.424153 12.383856</tran0>
			<axisangle0>-0.69882879 0.20655116 0.68481745 110.892235</axisangle0>
			<ndihe>10</ndihe>
			<dihe0>119.416763 9.337070 77.217697 15.558282 279.096710 241.277405 291.444031 103.248985 90.283035 50.699753
			</dihe0>
		</run>
		<run id="20">
			<free_NRG_binding>   0.00</free_NRG_binding>
			<final_intermol_NRG> 0.00</final_intermol_NRG>
			<internal_ligand_NRG>-12.46</internal_ligand_NRG>
			<torsonial_free_NRG> 0.00</torsonial_free_NRG>
			<tran0>3.900702 8.998140 21.390030</tran0>
			<axisangle0>-0.60449473 -0.69644956 0.38670937 126.417717</axisangle0>
			<ndihe>10</ndihe>
			<dihe0>134.452133 1.775270 75.429146 13.891054 350.063263 311.234436 175.543930 88.106430 70.179619 51.732975
			</dihe0>
		</run>
	</runs>
	<result>
		<clustering_histogram>
			<cluster cluster_rank="1" lowest_binding_energy="0.00" run="1" mean_binding_energy="0.00" num_in_clus="20" />
		</clustering_histogram>
		<rmsd_table>
			<run rank="1" sub_rank="1" run="1" binding_energy="0.00" cluster_rmsd="0.00" reference_rmsd="7.05" />
			<run rank="1" sub_rank="2" run="2" binding_energy="0.00" cluster_rmsd="0.77" reference_rmsd="7.13" />
			<run rank="1" sub_rank="3" run="3" binding_energy="0.00" cluster_rmsd="0.78" reference_rmsd="7.08" />
			<run rank="1" sub_rank="4" run="4" binding_energy="0.00" cluster_rmsd="0.72" reference_rmsd="7.20" />
			<run rank="1" sub_rank="5" run="5" binding_energy="0.00" cluster_rmsd="0.77" reference_rmsd="7.12" />
			<run rank="1" sub_rank="6" run="6" binding_energy="0.00" cluster_rmsd="0.21" reference_rmsd="7.15" />
			<run rank="1" sub_rank="7" run="7" binding_energy="0.00" cluster_rmsd="0.73" reference_rmsd="7.18" />
			<run rank="1" sub_rank="8" run="8" binding_energy="0.00" cluster_rmsd="0.12" reference_rmsd="7.03" />
			<run rank="1" sub_rank="9" run="9" binding_energy="0.00" cluster_rmsd="0.51" reference_rmsd="6.86" />
			<run rank="1" sub_rank="10" run="10" binding_energy="0.00" cluster_rmsd="0.77" reference_rmsd="7.14" />
			<run rank="1" sub_rank="11" run="11" binding_energy="0.00" cluster_rmsd="0.17" reference_rmsd="7.12" />
			<run rank="1" sub_rank="12" run="12" binding_energy="0.00" cluster_rmsd="0.46" reference_rmsd="6.94" />
			<run rank="1" sub_rank="13" run="13" binding_energy="0.00" cluster_rmsd="0.26" reference_rmsd="7.10" />
			<run rank="1" sub_rank="14" run="14" binding_energy="0.00" cluster_rmsd="0.73" reference_rmsd="7.16" />
			<run rank="1" sub_rank="15" run="15" binding_energy="0.00" cluster_rmsd="0.72" reference_rmsd="7.19" />
			<run rank="1" sub_rank="16" run="16" binding_energy="0.00" cluster_rmsd="0.77" reference_rmsd="7.14" />
			<run rank="1" sub_rank="17" run="17" binding_energy="0.00" cluster_rmsd="0.77" reference_rmsd="7.17" />
			<run rank="1" sub_rank="18" run="18" binding_energy="0.00" cluster_rmsd="0.46" reference_rmsd="6.94" />
			<run rank="1" sub_rank="19" run="19" binding_energy="0.00" cluster_rmsd="0.73" reference_rmsd="7.16" />
			<run rank="1" sub_rank="20" run="20" binding_energy="0.00" cluster_rmsd="0.77" reference_rmsd="7.13" />
		</rmsd_table>
	</result>
</autodock_gpu>
