<?xml version="1.0" ?>
<autodock_gpu>
	<version>v1.6</version>
	<arguments>--lfile empty --ffile 3kgd_receptorFH_rigid.maps.fld --flexres HIE_AMP.pdbqt --resnam HAM</arguments>
	<grid>3kgd_receptorFH_rigid.maps.fld</grid>
	<ligand>empty</ligand>
	<flexres>HIE_AMP.pdbqt</flexres>
	<seed>1738098820 2118</seed>
	<ls_method>ad</ls_method>
	<autostop>yes</autostop>
	<heuristics>yes</heuristics>
	<run_requested>20</run_requested>
	<runs>
		<run id="1">
			<free_NRG_binding>   0.00</free_NRG_binding>
			<final_intermol_NRG> 0.00</final_intermol_NRG>
			<internal_ligand_NRG>-11.27</internal_ligand_NRG>
			<torsonial_free_NRG> 0.00</torsonial_free_NRG>
			<tran0>11.310819 25.919171 -0.329956</tran0>
			<axisangle0>0.10014203 -0.01259122 0.99489348 169.926041</axisangle0>
			<ndihe>10</ndihe>
			<dihe0>288.230804 47.863792 331.540527 155.991455 12.758162 160.183777 296.198914 347.595551 245.586380 132.621506
			</dihe0>
		</run>
		<run id="2">
			<free_NRG_binding>   0.00</free_NRG_binding>
			<final_intermol_NRG> 0.00</final_intermol_NRG>
			<internal_ligand_NRG>-11.21</internal_ligand_NRG>
			<torsonial_free_NRG> 0.00</torsonial_free_NRG>
			<tran0>13.196916 33.592461 5.922027</tran0>
			<axisangle0>-0.85047315 0.43526237 0.29536771 105.171799</axisangle0>
			<ndihe>10</ndihe>
			<dihe0>337.424652 23.293825 331.236359 156.394089 52.560516 305.190582 183.192413 200.171707 311.909393 150.003815
			</dihe0>
		</run>
		<run id="3">
			<free_NRG_binding>   0.00</free_NRG_binding>
			<final_intermol_NRG> 0.00</final_intermol_NRG>
			<internal_ligand_NRG>-11.21</internal_ligand_NRG>
			<torsonial_free_NRG> 0.00</torsonial_free_NRG>
			<tran0>17.999136 0.775594 10.817541</tran0>
			<axisangle0>-0.00987092 -0.37707210 0.92613130 134.153336</axisangle0>
			<ndihe>10</ndihe>
			<dihe0>331.882080 23.037806 331.167786 156.426804 52.869045 303.878662 182.620758 203.112030 309.996368 150.945343
			</dihe0>
		</run>
		<run id="4">
			<free_NRG_binding>   0.00</free_NRG_binding>
			<final_intermol_NRG> 0.00</final_intermol_NRG>
			<internal_ligand_NRG>-11.19</internal_ligand_NRG>
			<torsonial_free_NRG> 0.00</torsonial_free_NRG>
			<tran0>6.084090 10.364717 7.332705</tran0>
			<axisangle0>0.20651383 0.94186949 -0.26501679 158.937241</axisangle0>
			<ndihe>10</ndihe>
			<dihe0>205.915176 26.168108 331.422028 156.083466 51.190708 302.470245 162.078262 302.663452 224.546661 129.650787
			</dihe0>
		</run>
		<run id="5">
			<free_NRG_binding>   0.00</free_NRG_binding>
			<final_intermol_NRG> 0.00</final_intermol_NRG>
			<internal_ligand_NRG>-11.20</internal_ligand_NRG>
			<torsonial_free_NRG> 0.00</torsonial_free_NRG>
			<tran0>3.083968 17.838923 9.898628</tran0>
			<axisangle0>0.33691862 -0.07784201 0.93831043 257.682770</axisangle0>
			<ndihe>10</ndihe>
			<dihe0>205.721451 27.190426 331.374756 155.647980 349.677551 173.131577 304.432037 348.439972 239.494049 133.361694
			</dihe0>
		</run>
		<run id="6">
			<free_NRG_binding>   0.00</free_NRG_binding>
			<final_intermol_NRG> 0.00</final_intermol_NRG>
			<internal_ligand_NRG>-11.34</internal_ligand_NRG>
			<torsonial_free_NRG> 0.00</torsonial_free_NRG>
			<tran0>12.181509 25.495271 6.666580</tran0>
			<axisangle0>0.77240643 -0.38802975 0.50281331 125.137306</axisangle0>
			<ndihe>10</ndihe>
			<dihe0>292.804962 41.803516 331.738068 155.500626 8.488496 160.380249 297.190674 349.563416 244.749222 132.753143
			</dihe0>
		</run>
		<run id="7">
			<free_NRG_binding>   0.00</free_NRG_binding>
			<final_intermol_NRG> 0.00</final_intermol_NRG>
			<internal_ligand_NRG>-11.22</internal_ligand_NRG>
			<torsonial_free_NRG> 0.00</torsonial_free_NRG>
			<tran0>11.079911 17.665878 10.269551</tran0>
			<axisangle0>0.32563354 0.16466573 -0.93104672 174.001907</axisangle0>
			<ndihe>10</ndihe>
			<dihe0>334.185577 22.823120 331.339661 155.983414 52.677647 303.393890 182.567337 204.353165 309.065796 151.239746
			</dihe0>
		</run>
		<run id="8">
			<free_NRG_binding>   0.00</free_NRG_binding>
			<final_intermol_NRG> 0.00</final_intermol_NRG>
			<internal_ligand_NRG>-11.34</internal_ligand_NRG>
			<torsonial_free_NRG> 0.00</torsonial_free_NRG>
			<tran0>-1.928425 12.089509 5.404516</tran0>
			<axisangle0>-0.15250029 0.89751952 -0.41376609 286.925293</axisangle0>
			<ndihe>10</ndihe>
			<dihe0>292.524689 41.182571 331.789978 155.385956 10.221402 160.115112 295.898956 346.681671 248.180405 134.409073
			</dihe0>
		</run>
		<run id="9">
			<free_NRG_binding>   0.00</free_NRG_binding>
			<final_intermol_NRG> 0.00</final_intermol_NRG>
			<internal_ligand_NRG>-11.34</internal_ligand_NRG>
			<torsonial_free_NRG> 0.00</torsonial_free_NRG>
			<tran0>7.162371 25.186893 15.869069</tran0>
			<axisangle0>-0.37887632 0.89222981 0.24572079 127.074074</axisangle0>
			<ndihe>10</ndihe>
			<dihe0>292.288971 41.845253 331.730743 155.500504 8.461156 160.472031 297.329132 349.598969 244.504929 132.642334
			</dihe0>
		</run>
		<run id="10">
			<free_NRG_binding>   0.00</free_NRG_binding>
			<final_intermol_NRG> 0.00</final_intermol_NRG>
			<internal_ligand_NRG>-11.22</internal_ligand_NRG>
			<torsonial_free_NRG> 0.00</torsonial_free_NRG>
			<tran0>12.906714 17.641282 22.468034</tran0>
			<axisangle0>-0.42823490 -0.89370943 -0.13378463 215.253036</axisangle0>
			<ndihe>10</ndihe>
			<dihe0>339.058411 22.782166 331.049866 156.255157 52.636921 303.573639 182.591217 204.065399 309.188599 151.325439
			</dihe0>
		</run>
		<run id="11">
			<free_NRG_binding>   0.00</free_NRG_binding>
			<final_intermol_NRG> 0.00</final_intermol_NRG>
			<internal_ligand_NRG>-11.21</internal_ligand_NRG>
			<torsonial_free_NRG> 0.00</torsonial_free_NRG>
			<tran0>10.485749 5.202197 0.567567</tran0>
			<axisangle0>0.14381930 -0.85353079 0.50080056 87.127251</axisangle0>
			<ndihe>10</ndihe>
			<dihe0>337.852356 23.270041 331.286072 156.346130 53.967453 304.479431 182.257736 200.039810 312.827942 150.132217
			</dihe0>
		</run>
		<run id="12">
			<free_NRG_binding>   0.00</free_NRG_binding>
			<final_intermol_NRG> 0.00</final_intermol_NRG>
			<internal_ligand_NRG>-11.21</internal_ligand_NRG>
			<torsonial_free_NRG> 0.00</torsonial_free_NRG>
			<tran0>14.863349 11.861130 14.635497</tran0>
			<axisangle0>-0.69712359 0.51326483 0.50057758 228.054916</axisangle0>
			<ndihe>10</ndihe>
			<dihe0>338.965668 23.275496 331.446198 155.670929 51.994545 304.980133 183.429626 201.485138 310.670288 150.365036
			</dihe0>
		</run>
		<run id="13">
			<free_NRG_binding>   0.00</free_NRG_binding>
			<final_intermol_NRG> 0.00</final_intermol_NRG>
			<internal_ligand_NRG>-11.34</internal_ligand_NRG>
			<torsonial_free_NRG> 0.00</torsonial_free_NRG>
			<tran0>22.183139 20.410501 15.838284</tran0>
			<axisangle0>-0.67454963 -0.53658623 -0.50700889 180.038788</axisangle0>
			<ndihe>10</ndihe>
			<dihe0>291.101837 41.640503 331.827362 155.511017 9.381583 160.523376 296.629639 349.487183 245.032547 132.968307
			</dihe0>
		</run>
		<run id="14">
			<free_NRG_binding>   0.00</free_NRG_binding>
			<final_intermol_NRG> 0.00</final_intermol_NRG>
			<internal_ligand_NRG>-10.58</internal_ligand_NRG>
			<torsonial_free_NRG> 0.00</torsonial_free_NRG>
			<tran0>-2.741899 2.280853 11.679507</tran0>
			<axisangle0>0.38039472 -0.20062428 -0.90280106 245.746002</axisangle0>
			<ndihe>10</ndihe>
			<dihe0>213.088593 329.997925 330.999969 160.667160 62.710415 170.669708 294.512085 277.938202 284.525482 133.262634
			</dihe0>
		</run>
		<run id="15">
			<free_NRG_binding>   0.00</free_NRG_binding>
			<final_intermol_NRG> 0.00</final_intermol_NRG>
			<internal_ligand_NRG>-10.77</internal_ligand_NRG>
			<torsonial_free_NRG> 0.00</torsonial_free_NRG>
			<tran0>5.373181 9.683922 23.309700</tran0>
			<axisangle0>0.27918682 -0.86440612 0.41815880 180.669113</axisangle0>
			<ndihe>10</ndihe>
			<dihe0>292.098297 36.739441 334.075378 155.838440 5.882774 181.911667 300.013306 266.556030 307.690308 150.606110
			</dihe0>
		</run>
		<run id="16">
			<free_NRG_binding>   0.00</free_NRG_binding>
			<final_intermol_NRG> 0.00</final_intermol_NRG>
			<internal_ligand_NRG>-11.21</internal_ligand_NRG>
			<torsonial_free_NRG> 0.00</torsonial_free_NRG>
			<tran0>12.867488 23.963522 4.574826</tran0>
			<axisangle0>-0.73393256 -0.26035546 -0.62734204 290.443634</axisangle0>
			<ndihe>10</ndihe>
			<dihe0>339.348053 22.528149 331.280304 155.913223 53.503822 302.464478 181.794296 205.549240 308.553619 151.843826
			</dihe0>
		</run>
		<run id="17">
			<free_NRG_binding>   0.00</free_NRG_binding>
			<final_intermol_NRG> 0.00</final_intermol_NRG>
			<internal_ligand_NRG>-11.21</internal_ligand_NRG>
			<torsonial_free_NRG> 0.00</torsonial_free_NRG>
			<tran0>1.613482 18.989937 16.431049</tran0>
			<axisangle0>0.85405594 -0.34847296 -0.38620596 231.744263</axisangle0>
			<ndihe>10</ndihe>
			<dihe0>334.368408 22.406349 331.235504 155.869034 54.132481 301.327301 181.580551 207.483124 307.445374 152.318893
			</dihe0>
		</run>
		<run id="18">
			<free_NRG_binding>   0.00</free_NRG_binding>
			<final_intermol_NRG> 0.00</final_intermol_NRG>
			<internal_ligand_NRG>-11.21</internal_ligand_NRG>
			<torsonial_free_NRG> 0.00</torsonial_free_NRG>
			<tran0>10.930652 8.721570 26.864682</tran0>
			<axisangle0>0.46798356 0.87008162 0.15475580 222.087143</axisangle0>
			<ndihe>10</ndihe>
			<dihe0>339.190887 26.311619 331.555939 156.088699 50.897121 302.653992 162.427292 302.553955 224.425949 129.625565
			</dihe0>
		</run>
		<run id="19">
			<free_NRG_binding>   0.00</free_NRG_binding>
			<final_intermol_NRG> 0.00</final_intermol_NRG>
			<internal_ligand_NRG>-11.21</internal_ligand_NRG>
			<torsonial_free_NRG> 0.00</torsonial_free_NRG>
			<tran0>10.688971 3.276009 1.325538</tran0>
			<axisangle0>-0.79301767 0.51514695 0.32518702 170.839722</axisangle0>
			<ndihe>10</ndihe>
			<dihe0>338.944702 22.812103 331.305298 156.268341 53.216007 303.569489 182.441345 203.212799 310.161621 151.084137
			</dihe0>
		</run>
		<run id="20">
			<free_NRG_binding>   0.00</free_NRG_binding>
			<final_intermol_NRG> 0.00</final_intermol_NRG>
			<internal_ligand_NRG>-11.21</internal_ligand_NRG>
			<torsonial_free_NRG> 0.00</torsonial_free_NRG>
			<tran0>4.884960 13.539964 22.211051</tran0>
			<axisangle0>0.65361543 0.27306604 -0.70584829 244.020294</axisangle0>
			<ndihe>10</ndihe>
			<dihe0>338.589020 22.864742 331.104675 156.296906 53.755535 303.094971 181.968552 203.579651 310.154266 151.222412
			</dihe0>
		</run>
	</runs>
	<result>
		<clustering_histogram>
			<cluster cluster_rank="1" lowest_binding_energy="0.00" run="1" mean_binding_energy="0.00" num_in_clus="19" />
			<cluster cluster_rank="2" lowest_binding_energy="0.00" run="14" mean_binding_energy="0.00" num_in_clus="1" />
		</clustering_histogram>
		<rmsd_table>
			<run rank="1" sub_rank="1" run="1" binding_energy="0.00" cluster_rmsd="0.00" reference_rmsd="7.74" />
			<run rank="1" sub_rank="2" run="2" binding_energy="0.00" cluster_rmsd="1.19" reference_rmsd="7.59" />
			<run rank="1" sub_rank="3" run="3" binding_energy="0.00" cluster_rmsd="1.23" reference_rmsd="7.58" />
			<run rank="1" sub_rank="4" run="4" binding_energy="0.00" cluster_rmsd="1.30" reference_rmsd="7.55" />
			<run rank="1" sub_rank="5" run="5" binding_energy="0.00" cluster_rmsd="1.11" reference_rmsd="7.61" />
			<run rank="1" sub_rank="6" run="6" binding_energy="0.00" cluster_rmsd="0.27" reference_rmsd="7.76" />
			<run rank="1" sub_rank="7" run="7" binding_energy="0.00" cluster_rmsd="1.25" reference_rmsd="7.58" />
			<run rank="1" sub_rank="8" run="8" binding_energy="0.00" cluster_rmsd="0.28" reference_rmsd="7.76" />
			<run rank="1" sub_rank="9" run="9" binding_energy="0.00" cluster_rmsd="0.26" reference_rmsd="7.76" />
			<run rank="1" sub_rank="10" run="10" binding_energy="0.00" cluster_rmsd="1.25" reference_rmsd="7.58" />
			<run rank="1" sub_rank="11" run="11" binding_energy="0.00" cluster_rmsd="1.17" reference_rmsd="7.58" />
			<run rank="1" sub_rank="12" run="12" binding_energy="0.00" cluster_rmsd="1.21" reference_rmsd="7.58" />
			<run rank="1" sub_rank="13" run="13" binding_energy="0.00" cluster_rmsd="0.25" reference_rmsd="7.76" />
			<run rank="1" sub_rank="14" run="15" binding_energy="0.00" cluster_rmsd="0.59" reference_rmsd="7.77" />
			<run rank="1" sub_rank="15" run="16" binding_energy="0.00" cluster_rmsd="1.26" reference_rmsd="7.58" />
			<run rank="1" sub_rank="16" run="17" binding_energy="0.00" cluster_rmsd="1.27" reference_rmsd="7.57" />
			<run rank="1" sub_rank="17" run="18" binding_energy="0.00" cluster_rmsd="1.27" reference_rmsd="7.51" />
			<run rank="1" sub_rank="18" run="19" binding_energy="0.00" cluster_rmsd="1.23" reference_rmsd="7.58" />
			<run rank="1" sub_rank="19" run="20" binding_energy="0.00" cluster_rmsd="1.22" reference_rmsd="7.58" />
			<run rank="2" sub_rank="1" run="14" binding_energy="0.00" cluster_rmsd="0.00" reference_rmsd="6.31" />
		</rmsd_table>
	</result>
</autodock_gpu>
