<?xml version="1.0" ?>
<autodock_gpu>
	<version>v1.6</version>
	<arguments>--lfile AMP.pdbqt --flexres 3kgd_receptorFH_flex.pdbqt --ffile 3kgd_receptorFH_rigid.maps.fld --import_dpf 3kgd_receptorFH.reactive_config --resnam AMP</arguments>
	<dpf>3kgd_receptorFH.reactive_config</dpf>
	<grid>3kgd_receptorFH_rigid.maps.fld</grid>
	<ligand>AMP.pdbqt</ligand>
	<flexres>3kgd_receptorFH_flex.pdbqt</flexres>
	<seed>1738098737 2570</seed>
	<ls_method>ad</ls_method>
	<autostop>yes</autostop>
	<heuristics>yes</heuristics>
	<run_requested>20</run_requested>
	<runs>
		<run id="3">
			<free_NRG_binding>   -9.05</free_NRG_binding>
			<final_intermol_NRG> -11.14</final_intermol_NRG>
			<internal_ligand_NRG>-3.13</internal_ligand_NRG>
			<torsonial_free_NRG> 2.09</torsonial_free_NRG>
			<tran0>8.803180 12.561929 11.512754</tran0>
			<axisangle0>0.69871586 -0.56719304 -0.43599106 192.596344</axisangle0>
			<ndihe>9</ndihe>
			<dihe0>16.320881 11.962723 78.398788 0.063019 38.878269 108.381561 71.981232 207.293365 341.944122
			</dihe0>
		</run>
		<run id="5">
			<free_NRG_binding>   -9.04</free_NRG_binding>
			<final_intermol_NRG> -11.12</final_intermol_NRG>
			<internal_ligand_NRG>-3.14</internal_ligand_NRG>
			<torsonial_free_NRG> 2.09</torsonial_free_NRG>
			<tran0>8.939165 12.398885 11.579327</tran0>
			<axisangle0>0.65852615 -0.60670961 -0.44524911 197.785385</axisangle0>
			<ndihe>9</ndihe>
			<dihe0>26.007912 23.081160 78.711281 356.191620 9.528066 130.727539 88.151772 182.358612 343.439117
			</dihe0>
		</run>
		<run id="7">
			<free_NRG_binding>   -9.02</free_NRG_binding>
			<final_intermol_NRG> -11.10</final_intermol_NRG>
			<internal_ligand_NRG>-3.15</internal_ligand_NRG>
			<torsonial_free_NRG> 2.09</torsonial_free_NRG>
			<tran0>8.951252 12.442666 11.595105</tran0>
			<axisangle0>-0.65814718 0.60424843 0.44913931 161.843750</axisangle0>
			<ndihe>9</ndihe>
			<dihe0>28.574047 20.853491 78.659348 356.179108 5.959167 130.494934 89.949608 183.542618 343.431763
			</dihe0>
		</run>
		<run id="8">
			<free_NRG_binding>   -8.96</free_NRG_binding>
			<final_intermol_NRG> -11.05</final_intermol_NRG>
			<internal_ligand_NRG>-3.03</internal_ligand_NRG>
			<torsonial_free_NRG> 2.09</torsonial_free_NRG>
			<tran0>8.800838 12.900211 11.510147</tran0>
			<axisangle0>0.71580898 -0.54657490 -0.43459565 191.593903</axisangle0>
			<ndihe>9</ndihe>
			<dihe0>133.445221 5.676589 76.055229 1.131351 118.201042 60.206863 24.250380 41.724995 338.933777
			</dihe0>
		</run>
		<run id="9">
			<free_NRG_binding>   -8.95</free_NRG_binding>
			<final_intermol_NRG> -11.04</final_intermol_NRG>
			<internal_ligand_NRG>-3.01</internal_ligand_NRG>
			<torsonial_free_NRG> 2.09</torsonial_free_NRG>
			<tran0>8.825929 12.863640 11.509965</tran0>
			<axisangle0>0.72416329 -0.54155364 -0.42697444 190.120361</axisangle0>
			<ndihe>9</ndihe>
			<dihe0>129.152985 0.950656 76.052315 1.025696 68.911835 90.252731 50.965313 210.693726 342.643768
			</dihe0>
		</run>
		<run id="2">
			<free_NRG_binding>   -8.91</free_NRG_binding>
			<final_intermol_NRG> -11.00</final_intermol_NRG>
			<internal_ligand_NRG>-3.17</internal_ligand_NRG>
			<torsonial_free_NRG> 2.09</torsonial_free_NRG>
			<tran0>8.815862 12.927515 11.512669</tran0>
			<axisangle0>-0.72684905 0.54158474 0.42234635 170.796371</axisangle0>
			<ndihe>9</ndihe>
			<dihe0>113.740860 1.452042 75.305031 359.209198 184.088211 90.777290 47.708794 271.562836 343.673126
			</dihe0>
		</run>
		<run id="1">
			<free_NRG_binding>   -8.91</free_NRG_binding>
			<final_intermol_NRG> -11.00</final_intermol_NRG>
			<internal_ligand_NRG>-3.17</internal_ligand_NRG>
			<torsonial_free_NRG> 2.09</torsonial_free_NRG>
			<tran0>8.977185 12.386467 11.554259</tran0>
			<axisangle0>0.65312437 -0.60497726 -0.45544602 197.781174</axisangle0>
			<ndihe>9</ndihe>
			<dihe0>24.936094 20.789404 79.808212 356.293488 4.492843 131.102753 94.095642 184.022339 344.445068
			</dihe0>
		</run>
		<run id="10">
			<free_NRG_binding>   -8.89</free_NRG_binding>
			<final_intermol_NRG> -10.97</final_intermol_NRG>
			<internal_ligand_NRG>-3.27</internal_ligand_NRG>
			<torsonial_free_NRG> 2.09</torsonial_free_NRG>
			<tran0>8.707404 13.610066 11.545590</tran0>
			<axisangle0>-0.77163774 0.53773438 0.33973067 178.647598</axisangle0>
			<ndihe>9</ndihe>
			<dihe0>151.447495 187.770065 75.116478 2.694995 192.268631 110.761093 20.949001 270.974884 343.097839
			</dihe0>
		</run>
		<run id="11">
			<free_NRG_binding>   -8.88</free_NRG_binding>
			<final_intermol_NRG> -10.97</final_intermol_NRG>
			<internal_ligand_NRG>-3.16</internal_ligand_NRG>
			<torsonial_free_NRG> 2.09</torsonial_free_NRG>
			<tran0>8.810311 12.890913 11.571180</tran0>
			<axisangle0>-0.72414913 0.53933699 0.42979489 169.352798</axisangle0>
			<ndihe>9</ndihe>
			<dihe0>133.197784 2.875769 75.386475 0.680547 179.317047 91.673019 48.336960 268.770477 342.240295
			</dihe0>
		</run>
		<run id="13">
			<free_NRG_binding>   -8.88</free_NRG_binding>
			<final_intermol_NRG> -10.97</final_intermol_NRG>
			<internal_ligand_NRG>-3.01</internal_ligand_NRG>
			<torsonial_free_NRG> 2.09</torsonial_free_NRG>
			<tran0>8.834953 12.894470 11.607274</tran0>
			<axisangle0>-0.71824922 0.53975419 0.43907115 168.752213</axisangle0>
			<ndihe>9</ndihe>
			<dihe0>1.888321 5.037317 75.898415 1.425358 103.960670 70.153244 29.560322 41.606991 337.939728
			</dihe0>
		</run>
		<run id="15">
			<free_NRG_binding>   -8.86</free_NRG_binding>
			<final_intermol_NRG> -10.95</final_intermol_NRG>
			<internal_ligand_NRG>-3.25</internal_ligand_NRG>
			<torsonial_free_NRG> 2.09</torsonial_free_NRG>
			<tran0>8.715174 13.595930 11.557400</tran0>
			<axisangle0>0.77516014 -0.53397619 -0.33763322 181.080109</axisangle0>
			<ndihe>9</ndihe>
			<dihe0>152.032959 187.349655 74.597618 0.755662 194.739304 110.729752 18.328871 268.410278 342.367432
			</dihe0>
		</run>
		<run id="4">
			<free_NRG_binding>   -8.86</free_NRG_binding>
			<final_intermol_NRG> -10.95</final_intermol_NRG>
			<internal_ligand_NRG>-3.17</internal_ligand_NRG>
			<torsonial_free_NRG> 2.09</torsonial_free_NRG>
			<tran0>8.850559 12.917253 11.582436</tran0>
			<axisangle0>0.72675846 -0.53510710 -0.43067683 188.999695</axisangle0>
			<ndihe>9</ndihe>
			<dihe0>127.925583 3.359653 75.729980 1.541190 191.953003 87.984421 43.945145 270.665436 343.487183
			</dihe0>
		</run>
		<run id="17">
			<free_NRG_binding>   -8.82</free_NRG_binding>
			<final_intermol_NRG> -10.91</final_intermol_NRG>
			<internal_ligand_NRG>-3.29</internal_ligand_NRG>
			<torsonial_free_NRG> 2.09</torsonial_free_NRG>
			<tran0>8.718804 13.629221 11.505902</tran0>
			<axisangle0>-0.77278571 0.53451591 0.34219144 178.521057</axisangle0>
			<ndihe>9</ndihe>
			<dihe0>149.693253 187.082138 74.785004 0.212251 195.252991 107.613434 19.605011 270.522034 343.240875
			</dihe0>
		</run>
		<run id="18">
			<free_NRG_binding>   -8.82</free_NRG_binding>
			<final_intermol_NRG> -10.91</final_intermol_NRG>
			<internal_ligand_NRG>-3.19</internal_ligand_NRG>
			<torsonial_free_NRG> 2.09</torsonial_free_NRG>
			<tran0>8.826124 12.731375 11.671564</tran0>
			<axisangle0>0.71690699 -0.53944610 -0.44163591 192.462463</axisangle0>
			<ndihe>9</ndihe>
			<dihe0>22.829069 7.255358 76.737778 0.718418 172.186142 91.535828 54.789120 267.748535 342.092773
			</dihe0>
		</run>
		<run id="12">
			<free_NRG_binding>   -8.80</free_NRG_binding>
			<final_intermol_NRG> -10.89</final_intermol_NRG>
			<internal_ligand_NRG>-3.13</internal_ligand_NRG>
			<torsonial_free_NRG> 2.09</torsonial_free_NRG>
			<tran0>8.889776 12.913216 11.494570</tran0>
			<axisangle0>0.71968011 -0.52860306 -0.45015480 190.435852</axisangle0>
			<ndihe>9</ndihe>
			<dihe0>123.321785 1.481819 75.637932 1.930511 92.783684 68.911774 39.284180 262.068390 343.811188
			</dihe0>
		</run>
		<run id="19">
			<free_NRG_binding>   -8.76</free_NRG_binding>
			<final_intermol_NRG> -10.85</final_intermol_NRG>
			<internal_ligand_NRG>-3.11</internal_ligand_NRG>
			<torsonial_free_NRG> 2.09</torsonial_free_NRG>
			<tran0>8.900451 12.931180 11.524710</tran0>
			<axisangle0>-0.72869534 0.51907240 0.44672916 172.550308</axisangle0>
			<ndihe>9</ndihe>
			<dihe0>92.029213 0.062347 75.279816 1.000427 222.910675 72.192574 28.011887 274.709839 345.153015
			</dihe0>
		</run>
		<run id="16">
			<free_NRG_binding>   -8.76</free_NRG_binding>
			<final_intermol_NRG> -10.85</final_intermol_NRG>
			<internal_ligand_NRG>-3.18</internal_ligand_NRG>
			<torsonial_free_NRG> 2.09</torsonial_free_NRG>
			<tran0>8.903215 12.665714 11.638186</tran0>
			<axisangle0>0.71335896 -0.52125857 -0.46841061 192.220581</axisangle0>
			<ndihe>9</ndihe>
			<dihe0>30.711021 7.417334 75.513474 1.248671 112.874481 56.847301 29.555592 270.127808 343.177124
			</dihe0>
		</run>
		<run id="14">
			<free_NRG_binding>   -8.74</free_NRG_binding>
			<final_intermol_NRG> -10.83</final_intermol_NRG>
			<internal_ligand_NRG>-3.20</internal_ligand_NRG>
			<torsonial_free_NRG> 2.09</torsonial_free_NRG>
			<tran0>8.861080 12.697606 11.651439</tran0>
			<axisangle0>0.70510243 -0.53481450 -0.46562218 192.910385</axisangle0>
			<ndihe>9</ndihe>
			<dihe0>30.213825 9.623455 76.442207 0.713287 171.104752 86.807961 61.551857 268.742126 342.459656
			</dihe0>
		</run>
		<run id="6">
			<free_NRG_binding>   -8.72</free_NRG_binding>
			<final_intermol_NRG> -10.81</final_intermol_NRG>
			<internal_ligand_NRG>-3.21</internal_ligand_NRG>
			<torsonial_free_NRG> 2.09</torsonial_free_NRG>
			<tran0>8.844966 12.851970 11.613986</tran0>
			<axisangle0>-0.71985972 0.52554425 0.45343711 167.138336</axisangle0>
			<ndihe>9</ndihe>
			<dihe0>18.701580 6.668801 75.900108 1.997018 197.870956 73.249031 42.995045 271.850739 343.783112
			</dihe0>
		</run>
		<run id="20">
			<free_NRG_binding>   -8.67</free_NRG_binding>
			<final_intermol_NRG> -10.76</final_intermol_NRG>
			<internal_ligand_NRG>-3.24</internal_ligand_NRG>
			<torsonial_free_NRG> 2.09</torsonial_free_NRG>
			<tran0>8.863246 12.970449 11.728251</tran0>
			<axisangle0>0.71101487 -0.52575595 -0.46694597 190.081314</axisangle0>
			<ndihe>9</ndihe>
			<dihe0>112.367233 1.632572 75.206253 313.243713 187.038925 82.830399 46.995972 268.450348 342.308746
			</dihe0>
		</run>
	</runs>
	<result>
		<clustering_histogram>
			<cluster cluster_rank="1" lowest_binding_energy="-9.05" run="3" mean_binding_energy="-8.86" num_in_clus="20" />
		</clustering_histogram>
		<rmsd_table>
			<run rank="1" sub_rank="1" run="3" binding_energy="-9.05" cluster_rmsd="0.00" reference_rmsd="38.51" />
			<run rank="1" sub_rank="2" run="5" binding_energy="-9.04" cluster_rmsd="0.36" reference_rmsd="38.57" />
			<run rank="1" sub_rank="3" run="7" binding_energy="-9.02" cluster_rmsd="0.39" reference_rmsd="38.52" />
			<run rank="1" sub_rank="4" run="8" binding_energy="-8.96" cluster_rmsd="0.55" reference_rmsd="38.24" />
			<run rank="1" sub_rank="5" run="9" binding_energy="-8.95" cluster_rmsd="0.49" reference_rmsd="38.23" />
			<run rank="1" sub_rank="6" run="2" binding_energy="-8.91" cluster_rmsd="0.54" reference_rmsd="38.18" />
			<run rank="1" sub_rank="7" run="1" binding_energy="-8.91" cluster_rmsd="0.43" reference_rmsd="38.56" />
			<run rank="1" sub_rank="8" run="10" binding_energy="-8.89" cluster_rmsd="0.89" reference_rmsd="38.38" />
			<run rank="1" sub_rank="9" run="11" binding_energy="-8.88" cluster_rmsd="0.48" reference_rmsd="38.21" />
			<run rank="1" sub_rank="10" run="13" binding_energy="-8.88" cluster_rmsd="0.43" reference_rmsd="38.25" />
			<run rank="1" sub_rank="11" run="15" binding_energy="-8.86" cluster_rmsd="0.89" reference_rmsd="38.40" />
			<run rank="1" sub_rank="12" run="4" binding_energy="-8.86" cluster_rmsd="0.51" reference_rmsd="38.20" />
			<run rank="1" sub_rank="13" run="17" binding_energy="-8.82" cluster_rmsd="0.90" reference_rmsd="38.37" />
			<run rank="1" sub_rank="14" run="18" binding_energy="-8.82" cluster_rmsd="0.28" reference_rmsd="38.38" />
			<run rank="1" sub_rank="15" run="12" binding_energy="-8.80" cluster_rmsd="0.56" reference_rmsd="38.19" />
			<run rank="1" sub_rank="16" run="19" binding_energy="-8.76" cluster_rmsd="0.56" reference_rmsd="38.20" />
			<run rank="1" sub_rank="17" run="16" binding_energy="-8.76" cluster_rmsd="0.45" reference_rmsd="38.45" />
			<run rank="1" sub_rank="18" run="14" binding_energy="-8.74" cluster_rmsd="0.35" reference_rmsd="38.41" />
			<run rank="1" sub_rank="19" run="6" binding_energy="-8.72" cluster_rmsd="0.40" reference_rmsd="38.28" />
			<run rank="1" sub_rank="20" run="20" binding_energy="-8.67" cluster_rmsd="0.67" reference_rmsd="38.12" />
		</rmsd_table>
	</result>
</autodock_gpu>
