<?xml version="1.0" ?>
<autodock_gpu>
	<version>v1.5.3-104-g2e658c318d60806bc6bb361f11f8535d5fb1fe1f</version>
	<arguments>--lfile AMP.pdbqt --flexres 3kgd_receptorFH_flex.pdbqt --ffile 3kgd_receptorFH_rigid.maps.fld --import_dpf 3kgd_receptorFH.reactive_config --resnam AMP</arguments>
	<dpf>3kgd_receptorFH.reactive_config</dpf>
	<grid>3kgd_receptorFH_rigid.maps.fld</grid>
	<ligand>AMP.pdbqt</ligand>
	<flexres>3kgd_receptorFH_flex.pdbqt</flexres>
	<seed>1731357299 2121</seed>
	<ls_method>ad</ls_method>
	<autostop>yes</autostop>
	<heuristics>yes</heuristics>
	<run_requested>20</run_requested>
	<runs>
		<run id="15">
			<free_NRG_binding>   -9.45</free_NRG_binding>
			<final_intermol_NRG> -11.53</final_intermol_NRG>
			<internal_ligand_NRG>-2.90</internal_ligand_NRG>
			<torsonial_free_NRG> 2.09</torsonial_free_NRG>
			<tran0>8.436145 13.712298 10.987822</tran0>
			<axisangle0>-0.42301010 0.09390201 -0.90124628 227.177322</axisangle0>
			<ndihe>9</ndihe>
			<dihe0>147.207169 1.635170 315.160889 239.640411 317.644806 237.908661 36.658348 7.910369 341.120941
			</dihe0>
		</run>
		<run id="6">
			<free_NRG_binding>   -9.41</free_NRG_binding>
			<final_intermol_NRG> -11.50</final_intermol_NRG>
			<internal_ligand_NRG>-3.00</internal_ligand_NRG>
			<torsonial_free_NRG> 2.09</torsonial_free_NRG>
			<tran0>8.411071 13.692647 10.906607</tran0>
			<axisangle0>-0.42383930 0.09354473 -0.90089380 228.124649</axisangle0>
			<ndihe>9</ndihe>
			<dihe0>148.116043 2.977825 315.616760 239.594971 216.774643 228.606094 30.094570 42.050365 338.994232
			</dihe0>
		</run>
		<run id="19">
			<free_NRG_binding>   -9.41</free_NRG_binding>
			<final_intermol_NRG> -11.50</final_intermol_NRG>
			<internal_ligand_NRG>-3.12</internal_ligand_NRG>
			<torsonial_free_NRG> 2.09</torsonial_free_NRG>
			<tran0>8.423236 13.675507 10.989332</tran0>
			<axisangle0>-0.42946160 0.10175995 -0.89733363 226.463913</axisangle0>
			<ndihe>9</ndihe>
			<dihe0>147.221283 1.793735 314.429108 239.849380 276.577667 253.564590 59.550491 267.487183 341.819641
			</dihe0>
		</run>
		<run id="5">
			<free_NRG_binding>   -9.41</free_NRG_binding>
			<final_intermol_NRG> -11.50</final_intermol_NRG>
			<internal_ligand_NRG>-3.13</internal_ligand_NRG>
			<torsonial_free_NRG> 2.09</torsonial_free_NRG>
			<tran0>8.414625 13.695482 10.967730</tran0>
			<axisangle0>-0.42955195 0.10342531 -0.89709996 226.477188</axisangle0>
			<ndihe>9</ndihe>
			<dihe0>146.639984 1.155695 314.724182 239.783966 277.194519 252.167175 59.731384 267.186737 341.721924
			</dihe0>
		</run>
		<run id="10">
			<free_NRG_binding>   -9.39</free_NRG_binding>
			<final_intermol_NRG> -11.48</final_intermol_NRG>
			<internal_ligand_NRG>-2.99</internal_ligand_NRG>
			<torsonial_free_NRG> 2.09</torsonial_free_NRG>
			<tran0>8.409349 13.716146 10.854599</tran0>
			<axisangle0>0.42395167 -0.11471906 0.89838996 131.709961</axisangle0>
			<ndihe>9</ndihe>
			<dihe0>147.105713 3.536853 315.946625 239.643707 203.014648 229.993713 41.556328 33.266033 337.974915
			</dihe0>
		</run>
		<run id="16">
			<free_NRG_binding>   -9.38</free_NRG_binding>
			<final_intermol_NRG> -11.47</final_intermol_NRG>
			<internal_ligand_NRG>-3.13</internal_ligand_NRG>
			<torsonial_free_NRG> 2.09</torsonial_free_NRG>
			<tran0>8.383786 13.668124 10.972805</tran0>
			<axisangle0>0.42376077 -0.08831875 0.90145805 133.067200</axisangle0>
			<ndihe>9</ndihe>
			<dihe0>147.243027 1.203062 313.973999 239.568924 275.009583 258.265259 58.813004 267.212585 341.750397
			</dihe0>
		</run>
		<run id="8">
			<free_NRG_binding>   -9.38</free_NRG_binding>
			<final_intermol_NRG> -11.47</final_intermol_NRG>
			<internal_ligand_NRG>-3.00</internal_ligand_NRG>
			<torsonial_free_NRG> 2.09</torsonial_free_NRG>
			<tran0>8.416356 13.764760 10.983937</tran0>
			<axisangle0>0.42033373 -0.09816625 0.90204376 131.498718</axisangle0>
			<ndihe>9</ndihe>
			<dihe0>147.560242 2.877770 315.001312 239.656326 224.291351 223.532562 22.558443 38.999828 338.100220
			</dihe0>
		</run>
		<run id="4">
			<free_NRG_binding>   -9.38</free_NRG_binding>
			<final_intermol_NRG> -11.46</final_intermol_NRG>
			<internal_ligand_NRG>-3.00</internal_ligand_NRG>
			<torsonial_free_NRG> 2.09</torsonial_free_NRG>
			<tran0>8.409996 13.692102 10.892466</tran0>
			<axisangle0>-0.42805849 0.11769499 -0.89605458 227.735870</axisangle0>
			<ndihe>9</ndihe>
			<dihe0>148.564133 2.929292 315.272491 239.531799 194.869644 233.400528 44.739182 39.528091 337.500763
			</dihe0>
		</run>
		<run id="13">
			<free_NRG_binding>   -9.38</free_NRG_binding>
			<final_intermol_NRG> -11.46</final_intermol_NRG>
			<internal_ligand_NRG>-3.15</internal_ligand_NRG>
			<torsonial_free_NRG> 2.09</torsonial_free_NRG>
			<tran0>8.421928 13.673824 10.888747</tran0>
			<axisangle0>0.42765625 -0.09919059 0.89848281 133.785309</axisangle0>
			<ndihe>9</ndihe>
			<dihe0>148.259964 0.759949 314.710022 239.602722 276.981110 251.835876 59.949192 268.779663 342.522003
			</dihe0>
		</run>
		<run id="3">
			<free_NRG_binding>   -9.36</free_NRG_binding>
			<final_intermol_NRG> -11.45</final_intermol_NRG>
			<internal_ligand_NRG>-3.00</internal_ligand_NRG>
			<torsonial_free_NRG> 2.09</torsonial_free_NRG>
			<tran0>8.407634 13.674911 10.850443</tran0>
			<axisangle0>-0.42036534 0.09461189 -0.90240876 227.810242</axisangle0>
			<ndihe>9</ndihe>
			<dihe0>151.422531 1.677506 316.028656 239.663010 192.253983 240.155457 43.870251 40.044765 337.674683
			</dihe0>
		</run>
		<run id="18">
			<free_NRG_binding>   -9.35</free_NRG_binding>
			<final_intermol_NRG> -11.44</final_intermol_NRG>
			<internal_ligand_NRG>-3.15</internal_ligand_NRG>
			<torsonial_free_NRG> 2.09</torsonial_free_NRG>
			<tran0>8.401155 13.667436 10.919549</tran0>
			<axisangle0>0.42828346 -0.09168961 0.89898070 133.475067</axisangle0>
			<ndihe>9</ndihe>
			<dihe0>146.678253 1.058151 313.829620 239.450439 276.480743 256.177734 59.348541 268.403168 342.454193
			</dihe0>
		</run>
		<run id="2">
			<free_NRG_binding>   -9.34</free_NRG_binding>
			<final_intermol_NRG> -11.43</final_intermol_NRG>
			<internal_ligand_NRG>-3.10</internal_ligand_NRG>
			<torsonial_free_NRG> 2.09</torsonial_free_NRG>
			<tran0>8.425628 13.767747 10.978830</tran0>
			<axisangle0>-0.43562455 0.11539914 -0.89270056 225.690109</axisangle0>
			<ndihe>9</ndihe>
			<dihe0>151.640488 2.523553 315.400330 240.247986 284.849274 244.197083 57.481392 264.278748 341.134369
			</dihe0>
		</run>
		<run id="9">
			<free_NRG_binding>   -9.34</free_NRG_binding>
			<final_intermol_NRG> -11.43</final_intermol_NRG>
			<internal_ligand_NRG>-3.12</internal_ligand_NRG>
			<torsonial_free_NRG> 2.09</torsonial_free_NRG>
			<tran0>8.406408 13.739635 10.968540</tran0>
			<axisangle0>-0.41580273 0.06684052 -0.90699528 226.487808</axisangle0>
			<ndihe>9</ndihe>
			<dihe0>147.585037 358.981262 314.049194 239.954376 284.066406 259.572357 49.487324 268.553650 342.254517
			</dihe0>
		</run>
		<run id="11">
			<free_NRG_binding>   -9.33</free_NRG_binding>
			<final_intermol_NRG> -11.42</final_intermol_NRG>
			<internal_ligand_NRG>-3.15</internal_ligand_NRG>
			<torsonial_free_NRG> 2.09</torsonial_free_NRG>
			<tran0>8.435722 13.716037 10.937950</tran0>
			<axisangle0>-0.42909426 0.10413807 -0.89723652 225.676941</axisangle0>
			<ndihe>9</ndihe>
			<dihe0>150.825897 0.415619 314.742676 240.329727 289.192474 244.750320 53.775047 269.755005 342.838562
			</dihe0>
		</run>
		<run id="20">
			<free_NRG_binding>   -9.32</free_NRG_binding>
			<final_intermol_NRG> -11.41</final_intermol_NRG>
			<internal_ligand_NRG>-3.14</internal_ligand_NRG>
			<torsonial_free_NRG> 2.09</torsonial_free_NRG>
			<tran0>8.435452 13.732783 10.997091</tran0>
			<axisangle0>-0.43557427 0.10794659 -0.89365686 225.750626</axisangle0>
			<ndihe>9</ndihe>
			<dihe0>151.752716 3.715657 314.905365 240.191833 287.467194 244.214783 56.084843 269.294037 342.844299
			</dihe0>
		</run>
		<run id="14">
			<free_NRG_binding>   -9.25</free_NRG_binding>
			<final_intermol_NRG> -11.34</final_intermol_NRG>
			<internal_ligand_NRG>-3.12</internal_ligand_NRG>
			<torsonial_free_NRG> 2.09</torsonial_free_NRG>
			<tran0>8.441260 13.662759 10.935176</tran0>
			<axisangle0>-0.41812825 0.06293693 -0.90620511 225.276276</axisangle0>
			<ndihe>9</ndihe>
			<dihe0>150.142578 357.856628 314.828217 239.656570 217.284515 233.357117 25.686035 270.788971 343.654846
			</dihe0>
		</run>
		<run id="1">
			<free_NRG_binding>   -9.25</free_NRG_binding>
			<final_intermol_NRG> -11.33</final_intermol_NRG>
			<internal_ligand_NRG>-3.04</internal_ligand_NRG>
			<torsonial_free_NRG> 2.09</torsonial_free_NRG>
			<tran0>8.405637 13.708015 10.856684</tran0>
			<axisangle0>-0.42607970 0.12259771 -0.89634028 228.958557</axisangle0>
			<ndihe>9</ndihe>
			<dihe0>146.799500 4.453292 315.401306 239.516739 157.881500 253.362030 66.154556 41.712658 339.573975
			</dihe0>
		</run>
		<run id="12">
			<free_NRG_binding>   -9.19</free_NRG_binding>
			<final_intermol_NRG> -11.27</final_intermol_NRG>
			<internal_ligand_NRG>-3.09</internal_ligand_NRG>
			<torsonial_free_NRG> 2.09</torsonial_free_NRG>
			<tran0>8.474899 13.684742 10.815342</tran0>
			<axisangle0>-0.42721145 0.10098829 -0.89849415 226.788757</axisangle0>
			<ndihe>9</ndihe>
			<dihe0>161.262436 5.749140 316.389771 239.822983 181.527466 241.622040 51.995316 266.910522 341.670685
			</dihe0>
		</run>
		<run id="17">
			<free_NRG_binding>   -9.16</free_NRG_binding>
			<final_intermol_NRG> -11.25</final_intermol_NRG>
			<internal_ligand_NRG>-3.01</internal_ligand_NRG>
			<torsonial_free_NRG> 2.09</torsonial_free_NRG>
			<tran0>8.408844 13.695102 10.870500</tran0>
			<axisangle0>-0.42937920 0.11581080 -0.89566811 226.830521</axisangle0>
			<ndihe>9</ndihe>
			<dihe0>149.756363 2.652488 315.664978 240.208099 142.071243 260.527435 75.958153 200.000076 343.039520
			</dihe0>
		</run>
		<run id="7">
			<free_NRG_binding>   -8.99</free_NRG_binding>
			<final_intermol_NRG> -11.08</final_intermol_NRG>
			<internal_ligand_NRG>-3.27</internal_ligand_NRG>
			<torsonial_free_NRG> 2.09</torsonial_free_NRG>
			<tran0>8.406783 13.750368 10.887357</tran0>
			<axisangle0>-0.41354177 0.09447851 -0.90557000 227.051071</axisangle0>
			<ndihe>9</ndihe>
			<dihe0>13.366596 358.032013 37.489479 239.353546 273.651459 257.170929 57.444519 269.403320 342.749634
			</dihe0>
		</run>
	</runs>
	<result>
		<clustering_histogram>
			<cluster cluster_rank="1" lowest_binding_energy="-9.45" run="15" mean_binding_energy="-9.32" num_in_clus="20" />
		</clustering_histogram>
		<rmsd_table>
			<run rank="1" sub_rank="1" run="15" binding_energy="-9.45" cluster_rmsd="0.00" reference_rmsd="37.76" />
			<run rank="1" sub_rank="2" run="6" binding_energy="-9.41" cluster_rmsd="0.14" reference_rmsd="37.79" />
			<run rank="1" sub_rank="3" run="19" binding_energy="-9.41" cluster_rmsd="0.19" reference_rmsd="37.79" />
			<run rank="1" sub_rank="4" run="5" binding_energy="-9.41" cluster_rmsd="0.18" reference_rmsd="37.77" />
			<run rank="1" sub_rank="5" run="10" binding_energy="-9.39" cluster_rmsd="0.15" reference_rmsd="37.78" />
			<run rank="1" sub_rank="6" run="16" binding_energy="-9.38" cluster_rmsd="0.19" reference_rmsd="37.79" />
			<run rank="1" sub_rank="7" run="8" binding_energy="-9.38" cluster_rmsd="0.14" reference_rmsd="37.72" />
			<run rank="1" sub_rank="8" run="4" binding_energy="-9.38" cluster_rmsd="0.14" reference_rmsd="37.80" />
			<run rank="1" sub_rank="9" run="13" binding_energy="-9.38" cluster_rmsd="0.20" reference_rmsd="37.79" />
			<run rank="1" sub_rank="10" run="3" binding_energy="-9.36" cluster_rmsd="0.14" reference_rmsd="37.80" />
			<run rank="1" sub_rank="11" run="18" binding_energy="-9.35" cluster_rmsd="0.19" reference_rmsd="37.79" />
			<run rank="1" sub_rank="12" run="2" binding_energy="-9.34" cluster_rmsd="0.22" reference_rmsd="37.71" />
			<run rank="1" sub_rank="13" run="9" binding_energy="-9.34" cluster_rmsd="0.24" reference_rmsd="37.70" />
			<run rank="1" sub_rank="14" run="11" binding_energy="-9.33" cluster_rmsd="0.17" reference_rmsd="37.75" />
			<run rank="1" sub_rank="15" run="20" binding_energy="-9.32" cluster_rmsd="0.20" reference_rmsd="37.74" />
			<run rank="1" sub_rank="16" run="14" binding_energy="-9.25" cluster_rmsd="0.19" reference_rmsd="37.78" />
			<run rank="1" sub_rank="17" run="1" binding_energy="-9.25" cluster_rmsd="0.19" reference_rmsd="37.78" />
			<run rank="1" sub_rank="18" run="12" binding_energy="-9.19" cluster_rmsd="0.20" reference_rmsd="37.79" />
			<run rank="1" sub_rank="19" run="17" binding_energy="-9.16" cluster_rmsd="0.26" reference_rmsd="37.77" />
			<run rank="1" sub_rank="20" run="7" binding_energy="-8.99" cluster_rmsd="0.43" reference_rmsd="37.70" />
		</rmsd_table>
	</result>
</autodock_gpu>
