<?xml version="1.0" ?>
<autodock_gpu>
	<version>v1.5.3</version>
	<arguments>--lfile empty --ffile 3kgd_receptorFH_rigid.maps.fld --flexres HIE_AMP.pdbqt --resnam HAM</arguments>
	<grid>3kgd_receptorFH_rigid.maps.fld</grid>
	<ligand>empty</ligand>
	<flexres>HIE_AMP.pdbqt</flexres>
	<seed>1726613742 2790</seed>
	<ls_method>ad</ls_method>
	<autostop>yes</autostop>
	<heuristics>yes</heuristics>
	<run_requested>20</run_requested>
	<runs>
		<run id="1">
			<free_NRG_binding>   0.00</free_NRG_binding>
			<final_intermol_NRG> 0.00</final_intermol_NRG>
			<internal_ligand_NRG>-12.77</internal_ligand_NRG>
			<torsonial_free_NRG> 0.00</torsonial_free_NRG>
			<tran0>3.867446 24.325476 2.207874</tran0>
			<axisangle0>-0.66749364 -0.42860007 0.60889590 164.982361</axisangle0>
			<ndihe>10</ndihe>
			<dihe0>336.818939 10.208871 313.182098 237.965363 24.721947 197.144958 32.006477 115.013855 98.313454 202.746658
			</dihe0>
		</run>
		<run id="2">
			<free_NRG_binding>   0.00</free_NRG_binding>
			<final_intermol_NRG> 0.00</final_intermol_NRG>
			<internal_ligand_NRG>-12.76</internal_ligand_NRG>
			<torsonial_free_NRG> 0.00</torsonial_free_NRG>
			<tran0>18.258026 7.105988 14.240596</tran0>
			<axisangle0>-0.62981387 0.01607198 0.77657979 272.019440</axisangle0>
			<ndihe>10</ndihe>
			<dihe0>337.640259 10.817801 312.904541 238.174667 25.356636 197.808365 32.544861 111.435425 100.883766 203.123306
			</dihe0>
		</run>
		<run id="3">
			<free_NRG_binding>   0.00</free_NRG_binding>
			<final_intermol_NRG> 0.00</final_intermol_NRG>
			<internal_ligand_NRG>-12.77</internal_ligand_NRG>
			<torsonial_free_NRG> 0.00</torsonial_free_NRG>
			<tran0>15.820533 1.935685 18.348334</tran0>
			<axisangle0>-0.59503305 -0.06527638 0.80104598 162.212799</axisangle0>
			<ndihe>10</ndihe>
			<dihe0>337.356781 10.345939 312.981598 237.720657 24.362944 196.304764 31.951525 118.147270 96.125366 202.379562
			</dihe0>
		</run>
		<run id="4">
			<free_NRG_binding>   0.00</free_NRG_binding>
			<final_intermol_NRG> 0.00</final_intermol_NRG>
			<internal_ligand_NRG>-12.77</internal_ligand_NRG>
			<torsonial_free_NRG> 0.00</torsonial_free_NRG>
			<tran0>0.929078 16.173602 21.124137</tran0>
			<axisangle0>-0.28138168 -0.86907091 -0.40686619 178.515762</axisangle0>
			<ndihe>10</ndihe>
			<dihe0>339.626099 9.856323 313.129272 237.672318 24.537617 195.993591 31.746086 118.519783 95.955658 202.460831
			</dihe0>
		</run>
		<run id="5">
			<free_NRG_binding>   0.00</free_NRG_binding>
			<final_intermol_NRG> 0.00</final_intermol_NRG>
			<internal_ligand_NRG>-12.77</internal_ligand_NRG>
			<torsonial_free_NRG> 0.00</torsonial_free_NRG>
			<tran0>0.798472 2.621146 19.555952</tran0>
			<axisangle0>-0.09424178 -0.56417825 -0.82025691 170.081299</axisangle0>
			<ndihe>10</ndihe>
			<dihe0>335.715942 11.504932 312.836792 237.756424 26.285683 195.243484 31.217052 117.401665 97.210892 202.523941
			</dihe0>
		</run>
		<run id="6">
			<free_NRG_binding>   0.00</free_NRG_binding>
			<final_intermol_NRG> 0.00</final_intermol_NRG>
			<internal_ligand_NRG>-12.77</internal_ligand_NRG>
			<torsonial_free_NRG> 0.00</torsonial_free_NRG>
			<tran0>17.392914 17.699789 12.512080</tran0>
			<axisangle0>0.26707276 0.91824917 -0.29238775 318.794434</axisangle0>
			<ndihe>10</ndihe>
			<dihe0>339.198334 9.370392 313.079895 237.737213 25.454903 194.440155 30.988064 120.350502 94.968376 202.207764
			</dihe0>
		</run>
		<run id="7">
			<free_NRG_binding>   0.00</free_NRG_binding>
			<final_intermol_NRG> 0.00</final_intermol_NRG>
			<internal_ligand_NRG>-12.61</internal_ligand_NRG>
			<torsonial_free_NRG> 0.00</torsonial_free_NRG>
			<tran0>8.307320 15.310986 21.517226</tran0>
			<axisangle0>0.81592302 -0.45199972 -0.36050781 37.553326</axisangle0>
			<ndihe>10</ndihe>
			<dihe0>332.927032 5.471570 314.046509 237.575287 95.252541 260.304901 281.562164 107.879837 68.534775 202.060944
			</dihe0>
		</run>
		<run id="8">
			<free_NRG_binding>   0.00</free_NRG_binding>
			<final_intermol_NRG> 0.00</final_intermol_NRG>
			<internal_ligand_NRG>-12.77</internal_ligand_NRG>
			<torsonial_free_NRG> 0.00</torsonial_free_NRG>
			<tran0>2.377597 3.722506 14.101849</tran0>
			<axisangle0>0.88258517 0.22455332 0.41306080 135.874329</axisangle0>
			<ndihe>10</ndihe>
			<dihe0>338.227203 10.042501 313.124664 237.726379 24.314295 196.573349 31.982496 117.576187 96.410652 202.512970
			</dihe0>
		</run>
		<run id="9">
			<free_NRG_binding>   0.00</free_NRG_binding>
			<final_intermol_NRG> 0.00</final_intermol_NRG>
			<internal_ligand_NRG>-12.74</internal_ligand_NRG>
			<torsonial_free_NRG> 0.00</torsonial_free_NRG>
			<tran0>4.371644 14.323641 20.567752</tran0>
			<axisangle0>0.07523893 0.01576680 -0.99704088 52.928101</axisangle0>
			<ndihe>10</ndihe>
			<dihe0>321.941833 208.071075 313.051086 237.987106 28.610174 193.018875 29.602579 117.261909 98.502541 202.311295
			</dihe0>
		</run>
		<run id="10">
			<free_NRG_binding>   0.00</free_NRG_binding>
			<final_intermol_NRG> 0.00</final_intermol_NRG>
			<internal_ligand_NRG>-12.61</internal_ligand_NRG>
			<torsonial_free_NRG> 0.00</torsonial_free_NRG>
			<tran0>19.151104 0.991772 -1.371417</tran0>
			<axisangle0>0.47101231 0.35403200 -0.80796581 166.910599</axisangle0>
			<ndihe>10</ndihe>
			<dihe0>332.782898 4.403931 313.861053 237.598740 95.583527 259.965210 281.284180 107.912987 68.711029 202.078888
			</dihe0>
		</run>
		<run id="11">
			<free_NRG_binding>   0.00</free_NRG_binding>
			<final_intermol_NRG> 0.00</final_intermol_NRG>
			<internal_ligand_NRG>-12.77</internal_ligand_NRG>
			<torsonial_free_NRG> 0.00</torsonial_free_NRG>
			<tran0>9.576625 22.468414 2.600839</tran0>
			<axisangle0>-0.19237736 -0.80275585 0.56442359 155.534180</axisangle0>
			<ndihe>10</ndihe>
			<dihe0>333.680206 9.817800 313.029663 237.735504 25.367289 194.598297 31.182713 120.813683 94.761803 202.006729
			</dihe0>
		</run>
		<run id="12">
			<free_NRG_binding>   0.00</free_NRG_binding>
			<final_intermol_NRG> 0.00</final_intermol_NRG>
			<internal_ligand_NRG>-12.78</internal_ligand_NRG>
			<torsonial_free_NRG> 0.00</torsonial_free_NRG>
			<tran0>2.234478 5.492762 16.208694</tran0>
			<axisangle0>-0.59424697 -0.07430192 -0.80084316 224.549637</axisangle0>
			<ndihe>10</ndihe>
			<dihe0>335.942505 13.907471 312.904510 237.712341 26.391792 194.732620 31.307163 118.628220 96.303452 202.342697
			</dihe0>
		</run>
		<run id="13">
			<free_NRG_binding>   0.00</free_NRG_binding>
			<final_intermol_NRG> 0.00</final_intermol_NRG>
			<internal_ligand_NRG>-12.77</internal_ligand_NRG>
			<torsonial_free_NRG> 0.00</torsonial_free_NRG>
			<tran0>9.886547 19.374747 10.421310</tran0>
			<axisangle0>-0.58087675 -0.70491875 0.40702796 356.672607</axisangle0>
			<ndihe>10</ndihe>
			<dihe0>338.693726 9.921997 313.232910 237.769485 24.585838 195.981842 31.694256 118.648476 95.854782 202.428635
			</dihe0>
		</run>
		<run id="14">
			<free_NRG_binding>   0.00</free_NRG_binding>
			<final_intermol_NRG> 0.00</final_intermol_NRG>
			<internal_ligand_NRG>-12.77</internal_ligand_NRG>
			<torsonial_free_NRG> 0.00</torsonial_free_NRG>
			<tran0>13.064940 23.287338 10.496735</tran0>
			<axisangle0>0.96681627 -0.25307784 0.03489857 265.497070</axisangle0>
			<ndihe>10</ndihe>
			<dihe0>333.284668 10.095337 313.203522 237.788589 24.647152 196.063782 31.788130 118.180595 96.144981 202.511215
			</dihe0>
		</run>
		<run id="15">
			<free_NRG_binding>   0.00</free_NRG_binding>
			<final_intermol_NRG> 0.00</final_intermol_NRG>
			<internal_ligand_NRG>-12.76</internal_ligand_NRG>
			<torsonial_free_NRG> 0.00</torsonial_free_NRG>
			<tran0>0.350249 4.850807 6.728615</tran0>
			<axisangle0>-0.25531349 0.46104357 -0.84985519 67.314156</axisangle0>
			<ndihe>10</ndihe>
			<dihe0>333.586975 10.758947 313.229370 237.688995 24.101442 196.695358 32.124229 118.008110 96.010483 202.427383
			</dihe0>
		</run>
		<run id="16">
			<free_NRG_binding>   0.00</free_NRG_binding>
			<final_intermol_NRG> 0.00</final_intermol_NRG>
			<internal_ligand_NRG>-12.78</internal_ligand_NRG>
			<torsonial_free_NRG> 0.00</torsonial_free_NRG>
			<tran0>18.436698 6.837961 3.973109</tran0>
			<axisangle0>-0.91639125 -0.39979588 0.01975697 212.526337</axisangle0>
			<ndihe>10</ndihe>
			<dihe0>337.998627 10.190786 312.937622 237.746078 25.703686 195.705078 31.304417 117.465378 97.040596 202.338974
			</dihe0>
		</run>
		<run id="17">
			<free_NRG_binding>   0.00</free_NRG_binding>
			<final_intermol_NRG> 0.00</final_intermol_NRG>
			<internal_ligand_NRG>-12.68</internal_ligand_NRG>
			<torsonial_free_NRG> 0.00</torsonial_free_NRG>
			<tran0>4.372341 6.808367 2.940984</tran0>
			<axisangle0>-0.01784474 -0.04494479 -0.99883008 106.399277</axisangle0>
			<ndihe>10</ndihe>
			<dihe0>202.863617 10.538417 313.107300 237.749039 23.903284 190.513916 31.765448 135.477722 83.963005 199.044403
			</dihe0>
		</run>
		<run id="18">
			<free_NRG_binding>   0.00</free_NRG_binding>
			<final_intermol_NRG> 0.00</final_intermol_NRG>
			<internal_ligand_NRG>-12.68</internal_ligand_NRG>
			<torsonial_free_NRG> 0.00</torsonial_free_NRG>
			<tran0>14.974073 25.145691 13.588298</tran0>
			<axisangle0>-0.72079030 0.65717423 -0.22041638 318.621490</axisangle0>
			<ndihe>10</ndihe>
			<dihe0>338.563904 8.660401 313.169708 237.753250 24.245419 200.060867 34.571468 100.377029 109.511612 206.353806
			</dihe0>
		</run>
		<run id="19">
			<free_NRG_binding>   0.00</free_NRG_binding>
			<final_intermol_NRG> 0.00</final_intermol_NRG>
			<internal_ligand_NRG>-12.77</internal_ligand_NRG>
			<torsonial_free_NRG> 0.00</torsonial_free_NRG>
			<tran0>15.386513 3.164699 -0.290895</tran0>
			<axisangle0>0.47097015 -0.85923126 -0.19977177 179.089996</axisangle0>
			<ndihe>10</ndihe>
			<dihe0>339.857635 9.667389 312.954590 237.829376 25.172203 195.940964 31.560432 117.854179 96.460594 202.319809
			</dihe0>
		</run>
		<run id="20">
			<free_NRG_binding>   0.00</free_NRG_binding>
			<final_intermol_NRG> 0.00</final_intermol_NRG>
			<internal_ligand_NRG>-12.77</internal_ligand_NRG>
			<torsonial_free_NRG> 0.00</torsonial_free_NRG>
			<tran0>-2.881202 5.781517 2.403195</tran0>
			<axisangle0>-0.52354132 -0.49817932 0.69117425 180.849136</axisangle0>
			<ndihe>10</ndihe>
			<dihe0>333.594513 9.782776 312.911407 237.642609 23.721737 196.610703 32.175011 118.687798 95.526260 202.408401
			</dihe0>
		</run>
	</runs>
	<result>
		<clustering_histogram>
			<cluster cluster_rank="1" lowest_binding_energy="0.00" run="1" mean_binding_energy="0.00" num_in_clus="1" />
			<cluster cluster_rank="2" lowest_binding_energy="0.00" run="2" mean_binding_energy="0.00" num_in_clus="1" />
			<cluster cluster_rank="3" lowest_binding_energy="0.00" run="3" mean_binding_energy="0.00" num_in_clus="1" />
			<cluster cluster_rank="4" lowest_binding_energy="0.00" run="4" mean_binding_energy="0.00" num_in_clus="1" />
			<cluster cluster_rank="5" lowest_binding_energy="0.00" run="5" mean_binding_energy="0.00" num_in_clus="1" />
			<cluster cluster_rank="6" lowest_binding_energy="0.00" run="6" mean_binding_energy="0.00" num_in_clus="1" />
			<cluster cluster_rank="7" lowest_binding_energy="0.00" run="7" mean_binding_energy="0.00" num_in_clus="1" />
			<cluster cluster_rank="8" lowest_binding_energy="0.00" run="8" mean_binding_energy="0.00" num_in_clus="1" />
			<cluster cluster_rank="9" lowest_binding_energy="0.00" run="9" mean_binding_energy="0.00" num_in_clus="1" />
			<cluster cluster_rank="10" lowest_binding_energy="0.00" run="10" mean_binding_energy="0.00" num_in_clus="1" />
			<cluster cluster_rank="11" lowest_binding_energy="0.00" run="11" mean_binding_energy="0.00" num_in_clus="1" />
			<cluster cluster_rank="12" lowest_binding_energy="0.00" run="12" mean_binding_energy="0.00" num_in_clus="1" />
			<cluster cluster_rank="13" lowest_binding_energy="0.00" run="13" mean_binding_energy="0.00" num_in_clus="1" />
			<cluster cluster_rank="14" lowest_binding_energy="0.00" run="14" mean_binding_energy="0.00" num_in_clus="1" />
			<cluster cluster_rank="15" lowest_binding_energy="0.00" run="15" mean_binding_energy="0.00" num_in_clus="1" />
			<cluster cluster_rank="16" lowest_binding_energy="0.00" run="16" mean_binding_energy="0.00" num_in_clus="1" />
			<cluster cluster_rank="17" lowest_binding_energy="0.00" run="17" mean_binding_energy="0.00" num_in_clus="1" />
			<cluster cluster_rank="18" lowest_binding_energy="0.00" run="18" mean_binding_energy="0.00" num_in_clus="1" />
			<cluster cluster_rank="19" lowest_binding_energy="0.00" run="19" mean_binding_energy="0.00" num_in_clus="1" />
			<cluster cluster_rank="20" lowest_binding_energy="0.00" run="20" mean_binding_energy="0.00" num_in_clus="1" />
		</clustering_histogram>
		<rmsd_table>
			<run rank="1" sub_rank="1" run="1" binding_energy="0.00" cluster_rmsd="0.00" reference_rmsd="-nan" />
			<run rank="2" sub_rank="1" run="2" binding_energy="0.00" cluster_rmsd="0.00" reference_rmsd="-nan" />
			<run rank="3" sub_rank="1" run="3" binding_energy="0.00" cluster_rmsd="0.00" reference_rmsd="-nan" />
			<run rank="4" sub_rank="1" run="4" binding_energy="0.00" cluster_rmsd="0.00" reference_rmsd="-nan" />
			<run rank="5" sub_rank="1" run="5" binding_energy="0.00" cluster_rmsd="0.00" reference_rmsd="-nan" />
			<run rank="6" sub_rank="1" run="6" binding_energy="0.00" cluster_rmsd="0.00" reference_rmsd="-nan" />
			<run rank="7" sub_rank="1" run="7" binding_energy="0.00" cluster_rmsd="0.00" reference_rmsd="-nan" />
			<run rank="8" sub_rank="1" run="8" binding_energy="0.00" cluster_rmsd="0.00" reference_rmsd="-nan" />
			<run rank="9" sub_rank="1" run="9" binding_energy="0.00" cluster_rmsd="0.00" reference_rmsd="-nan" />
			<run rank="10" sub_rank="1" run="10" binding_energy="0.00" cluster_rmsd="0.00" reference_rmsd="-nan" />
			<run rank="11" sub_rank="1" run="11" binding_energy="0.00" cluster_rmsd="0.00" reference_rmsd="-nan" />
			<run rank="12" sub_rank="1" run="12" binding_energy="0.00" cluster_rmsd="0.00" reference_rmsd="-nan" />
			<run rank="13" sub_rank="1" run="13" binding_energy="0.00" cluster_rmsd="0.00" reference_rmsd="-nan" />
			<run rank="14" sub_rank="1" run="14" binding_energy="0.00" cluster_rmsd="0.00" reference_rmsd="-nan" />
			<run rank="15" sub_rank="1" run="15" binding_energy="0.00" cluster_rmsd="0.00" reference_rmsd="-nan" />
			<run rank="16" sub_rank="1" run="16" binding_energy="0.00" cluster_rmsd="0.00" reference_rmsd="-nan" />
			<run rank="17" sub_rank="1" run="17" binding_energy="0.00" cluster_rmsd="0.00" reference_rmsd="-nan" />
			<run rank="18" sub_rank="1" run="18" binding_energy="0.00" cluster_rmsd="0.00" reference_rmsd="-nan" />
			<run rank="19" sub_rank="1" run="19" binding_energy="0.00" cluster_rmsd="0.00" reference_rmsd="-nan" />
			<run rank="20" sub_rank="1" run="20" binding_energy="0.00" cluster_rmsd="0.00" reference_rmsd="-nan" />
		</rmsd_table>
	</result>
</autodock_gpu>
