<?xml version="1.0" ?>
<autodock_gpu>
	<version>v1.5.3</version>
	<arguments>--lfile empty --ffile 3kgd_receptorFH_rigid.maps.fld --flexres HIE_AMP.pdbqt --resnam HAM</arguments>
	<grid>3kgd_receptorFH_rigid.maps.fld</grid>
	<ligand>empty</ligand>
	<flexres>HIE_AMP.pdbqt</flexres>
	<seed>1728691965 20173</seed>
	<ls_method>ad</ls_method>
	<autostop>yes</autostop>
	<heuristics>yes</heuristics>
	<run_requested>20</run_requested>
	<runs>
		<run id="1">
			<free_NRG_binding>   0.00</free_NRG_binding>
			<final_intermol_NRG> 0.00</final_intermol_NRG>
			<internal_ligand_NRG>-12.71</internal_ligand_NRG>
			<torsonial_free_NRG> 0.00</torsonial_free_NRG>
			<tran0>4.007135 24.173524 10.144869</tran0>
			<axisangle0>-0.34829069 0.51454454 -0.78354164 143.904205</axisangle0>
			<ndihe>10</ndihe>
			<dihe0>151.923630 190.090485 210.903152 263.710724 128.600082 29.772776 283.185608 196.500198 258.350647 327.209137
			</dihe0>
		</run>
		<run id="2">
			<free_NRG_binding>   0.00</free_NRG_binding>
			<final_intermol_NRG> 0.00</final_intermol_NRG>
			<internal_ligand_NRG>-12.70</internal_ligand_NRG>
			<torsonial_free_NRG> 0.00</torsonial_free_NRG>
			<tran0>6.273426 13.262753 8.552318</tran0>
			<axisangle0>0.59881877 -0.69338603 0.40078909 137.731766</axisangle0>
			<ndihe>10</ndihe>
			<dihe0>150.068832 189.984329 212.644318 262.898529 127.442543 30.271057 284.168182 196.454391 258.319519 327.214050
			</dihe0>
		</run>
		<run id="3">
			<free_NRG_binding>   0.00</free_NRG_binding>
			<final_intermol_NRG> 0.00</final_intermol_NRG>
			<internal_ligand_NRG>-12.71</internal_ligand_NRG>
			<torsonial_free_NRG> 0.00</torsonial_free_NRG>
			<tran0>13.928922 7.570903 7.001292</tran0>
			<axisangle0>0.55381243 -0.82595014 0.10534776 202.680954</axisangle0>
			<ndihe>10</ndihe>
			<dihe0>333.547974 189.935379 210.422302 263.737854 128.602081 29.678627 283.082123 196.410446 258.405121 327.222229
			</dihe0>
		</run>
		<run id="4">
			<free_NRG_binding>   0.00</free_NRG_binding>
			<final_intermol_NRG> 0.00</final_intermol_NRG>
			<internal_ligand_NRG>-12.59</internal_ligand_NRG>
			<torsonial_free_NRG> 0.00</torsonial_free_NRG>
			<tran0>15.758746 9.673422 11.621248</tran0>
			<axisangle0>0.59814782 0.43394681 0.67372795 88.022156</axisangle0>
			<ndihe>10</ndihe>
			<dihe0>272.540527 26.685997 144.445801 262.370880 27.299255 323.453339 58.196026 209.896057 284.476746 329.512421
			</dihe0>
		</run>
		<run id="5">
			<free_NRG_binding>   0.00</free_NRG_binding>
			<final_intermol_NRG> 0.00</final_intermol_NRG>
			<internal_ligand_NRG>-12.71</internal_ligand_NRG>
			<torsonial_free_NRG> 0.00</torsonial_free_NRG>
			<tran0>17.835952 29.759145 9.957609</tran0>
			<axisangle0>-0.45315941 0.48685079 0.74674149 214.693863</axisangle0>
			<ndihe>10</ndihe>
			<dihe0>148.583450 191.031143 210.517365 263.961609 129.434570 29.566744 282.720886 196.511642 258.309967 327.244110
			</dihe0>
		</run>
		<run id="6">
			<free_NRG_binding>   0.00</free_NRG_binding>
			<final_intermol_NRG> 0.00</final_intermol_NRG>
			<internal_ligand_NRG>-12.71</internal_ligand_NRG>
			<torsonial_free_NRG> 0.00</torsonial_free_NRG>
			<tran0>2.326317 5.846419 13.180532</tran0>
			<axisangle0>-0.30386926 0.11179199 -0.94613214 277.702545</axisangle0>
			<ndihe>10</ndihe>
			<dihe0>148.991028 191.060410 210.165451 263.851013 129.412689 29.564249 282.746735 196.414566 258.381409 327.226227
			</dihe0>
		</run>
		<run id="7">
			<free_NRG_binding>   0.00</free_NRG_binding>
			<final_intermol_NRG> 0.00</final_intermol_NRG>
			<internal_ligand_NRG>-12.72</internal_ligand_NRG>
			<torsonial_free_NRG> 0.00</torsonial_free_NRG>
			<tran0>17.862734 13.188023 6.385212</tran0>
			<axisangle0>0.06923118 -0.03035173 -0.99713881 133.976578</axisangle0>
			<ndihe>10</ndihe>
			<dihe0>148.202271 191.403976 210.113251 264.608917 130.239929 29.463957 281.841949 196.675247 258.304047 327.237701
			</dihe0>
		</run>
		<run id="8">
			<free_NRG_binding>   0.00</free_NRG_binding>
			<final_intermol_NRG> 0.00</final_intermol_NRG>
			<internal_ligand_NRG>-12.71</internal_ligand_NRG>
			<torsonial_free_NRG> 0.00</torsonial_free_NRG>
			<tran0>4.404520 23.396404 16.046843</tran0>
			<axisangle0>0.24787174 -0.27015854 0.93036228 132.325592</axisangle0>
			<ndihe>10</ndihe>
			<dihe0>154.513992 189.881668 209.133179 264.755402 129.497879 29.297041 282.260284 196.642288 258.375824 327.211151
			</dihe0>
		</run>
		<run id="9">
			<free_NRG_binding>   0.00</free_NRG_binding>
			<final_intermol_NRG> 0.00</final_intermol_NRG>
			<internal_ligand_NRG>-12.66</internal_ligand_NRG>
			<torsonial_free_NRG> 0.00</torsonial_free_NRG>
			<tran0>13.637976 10.963202 19.415598</tran0>
			<axisangle0>0.17084340 0.67179493 0.72076633 185.135742</axisangle0>
			<ndihe>10</ndihe>
			<dihe0>317.041656 202.894516 144.025085 262.412170 35.281616 317.315308 54.003315 208.144211 287.306274 330.355499
			</dihe0>
		</run>
		<run id="10">
			<free_NRG_binding>   0.00</free_NRG_binding>
			<final_intermol_NRG> 0.00</final_intermol_NRG>
			<internal_ligand_NRG>-12.66</internal_ligand_NRG>
			<torsonial_free_NRG> 0.00</torsonial_free_NRG>
			<tran0>2.042475 23.952340 7.433117</tran0>
			<axisangle0>-0.19055654 -0.89978494 -0.39252424 249.122589</axisangle0>
			<ndihe>10</ndihe>
			<dihe0>317.462219 203.351196 143.577087 262.356079 35.221180 316.983185 53.638081 210.563461 285.522369 329.447723
			</dihe0>
		</run>
		<run id="11">
			<free_NRG_binding>   0.00</free_NRG_binding>
			<final_intermol_NRG> 0.00</final_intermol_NRG>
			<internal_ligand_NRG>-12.70</internal_ligand_NRG>
			<torsonial_free_NRG> 0.00</torsonial_free_NRG>
			<tran0>2.777748 20.925612 14.499095</tran0>
			<axisangle0>0.72294279 0.24976007 0.64418447 126.279396</axisangle0>
			<ndihe>10</ndihe>
			<dihe0>332.621185 190.263260 210.313324 263.828400 128.865555 29.613474 282.938934 196.431305 258.371582 327.251648
			</dihe0>
		</run>
		<run id="12">
			<free_NRG_binding>   0.00</free_NRG_binding>
			<final_intermol_NRG> 0.00</final_intermol_NRG>
			<internal_ligand_NRG>-12.70</internal_ligand_NRG>
			<torsonial_free_NRG> 0.00</torsonial_free_NRG>
			<tran0>6.082435 23.970617 14.956354</tran0>
			<axisangle0>0.78935924 0.11017329 0.60396509 74.061127</axisangle0>
			<ndihe>10</ndihe>
			<dihe0>152.704956 189.919250 210.304306 263.902924 129.096481 29.592709 282.725372 196.611877 258.320679 327.227905
			</dihe0>
		</run>
		<run id="13">
			<free_NRG_binding>   0.00</free_NRG_binding>
			<final_intermol_NRG> 0.00</final_intermol_NRG>
			<internal_ligand_NRG>-12.61</internal_ligand_NRG>
			<torsonial_free_NRG> 0.00</torsonial_free_NRG>
			<tran0>5.920693 0.459466 8.775531</tran0>
			<axisangle0>0.93254406 0.05293129 -0.35715522 206.231400</axisangle0>
			<ndihe>10</ndihe>
			<dihe0>267.875916 25.258160 145.153961 262.061981 114.876312 37.279270 295.293030 193.775696 257.439362 327.426758
			</dihe0>
		</run>
		<run id="14">
			<free_NRG_binding>   0.00</free_NRG_binding>
			<final_intermol_NRG> 0.00</final_intermol_NRG>
			<internal_ligand_NRG>-12.69</internal_ligand_NRG>
			<torsonial_free_NRG> 0.00</torsonial_free_NRG>
			<tran0>1.717513 6.246140 15.365639</tran0>
			<axisangle0>0.80585963 -0.54217076 0.23799397 258.861603</axisangle0>
			<ndihe>10</ndihe>
			<dihe0>327.975189 190.211533 213.402328 262.886841 127.035820 30.499407 284.519043 196.332321 258.321838 327.234375
			</dihe0>
		</run>
		<run id="15">
			<free_NRG_binding>   0.00</free_NRG_binding>
			<final_intermol_NRG> 0.00</final_intermol_NRG>
			<internal_ligand_NRG>-12.67</internal_ligand_NRG>
			<torsonial_free_NRG> 0.00</torsonial_free_NRG>
			<tran0>8.762049 9.086502 20.685745</tran0>
			<axisangle0>-0.85939744 -0.46985415 0.20167579 59.899937</axisangle0>
			<ndihe>10</ndihe>
			<dihe0>136.451553 202.794052 143.932129 262.266663 35.121464 317.105194 53.614868 210.708664 285.373169 329.390198
			</dihe0>
		</run>
		<run id="16">
			<free_NRG_binding>   0.00</free_NRG_binding>
			<final_intermol_NRG> 0.00</final_intermol_NRG>
			<internal_ligand_NRG>-12.70</internal_ligand_NRG>
			<torsonial_free_NRG> 0.00</torsonial_free_NRG>
			<tran0>10.085181 12.555644 20.896668</tran0>
			<axisangle0>0.83771562 -0.54577586 -0.01900677 173.154449</axisangle0>
			<ndihe>10</ndihe>
			<dihe0>148.784088 190.408905 213.514389 262.915924 127.228233 30.501741 284.434692 196.415710 258.274384 327.209442
			</dihe0>
		</run>
		<run id="17">
			<free_NRG_binding>   0.00</free_NRG_binding>
			<final_intermol_NRG> 0.00</final_intermol_NRG>
			<internal_ligand_NRG>-12.71</internal_ligand_NRG>
			<torsonial_free_NRG> 0.00</torsonial_free_NRG>
			<tran0>1.704154 13.215456 15.768555</tran0>
			<axisangle0>-0.15616203 -0.75709584 0.63436529 183.413635</axisangle0>
			<ndihe>10</ndihe>
			<dihe0>149.341873 190.886185 209.676910 264.405060 129.862579 29.305187 282.304199 196.604187 258.321014 327.235138
			</dihe0>
		</run>
		<run id="18">
			<free_NRG_binding>   0.00</free_NRG_binding>
			<final_intermol_NRG> 0.00</final_intermol_NRG>
			<internal_ligand_NRG>-12.67</internal_ligand_NRG>
			<torsonial_free_NRG> 0.00</torsonial_free_NRG>
			<tran0>5.440346 7.591616 7.474652</tran0>
			<axisangle0>0.54204849 0.51434256 -0.66455637 250.141983</axisangle0>
			<ndihe>10</ndihe>
			<dihe0>137.040985 202.783691 144.121460 262.357605 35.063759 317.019226 53.652447 210.970764 285.201965 329.304077
			</dihe0>
		</run>
		<run id="19">
			<free_NRG_binding>   0.00</free_NRG_binding>
			<final_intermol_NRG> 0.00</final_intermol_NRG>
			<internal_ligand_NRG>-12.72</internal_ligand_NRG>
			<torsonial_free_NRG> 0.00</torsonial_free_NRG>
			<tran0>13.433383 12.645603 3.592520</tran0>
			<axisangle0>-0.21048214 0.96152561 -0.17653830 121.012840</axisangle0>
			<ndihe>10</ndihe>
			<dihe0>149.916031 190.761307 208.713821 265.336334 130.346207 29.156694 281.846741 196.617554 258.477722 327.202393
			</dihe0>
		</run>
		<run id="20">
			<free_NRG_binding>   0.00</free_NRG_binding>
			<final_intermol_NRG> 0.00</final_intermol_NRG>
			<internal_ligand_NRG>-12.66</internal_ligand_NRG>
			<torsonial_free_NRG> 0.00</torsonial_free_NRG>
			<tran0>1.788091 13.979050 12.773028</tran0>
			<axisangle0>0.65439437 -0.00367795 0.75614448 307.850342</axisangle0>
			<ndihe>10</ndihe>
			<dihe0>317.418518 203.224579 144.073700 262.360992 35.290024 316.810028 53.507927 211.120895 285.251434 329.237518
			</dihe0>
		</run>
	</runs>
	<result>
		<clustering_histogram>
			<cluster cluster_rank="1" lowest_binding_energy="0.00" run="1" mean_binding_energy="0.00" num_in_clus="1" />
			<cluster cluster_rank="2" lowest_binding_energy="0.00" run="2" mean_binding_energy="0.00" num_in_clus="1" />
			<cluster cluster_rank="3" lowest_binding_energy="0.00" run="3" mean_binding_energy="0.00" num_in_clus="1" />
			<cluster cluster_rank="4" lowest_binding_energy="0.00" run="4" mean_binding_energy="0.00" num_in_clus="1" />
			<cluster cluster_rank="5" lowest_binding_energy="0.00" run="5" mean_binding_energy="0.00" num_in_clus="1" />
			<cluster cluster_rank="6" lowest_binding_energy="0.00" run="6" mean_binding_energy="0.00" num_in_clus="1" />
			<cluster cluster_rank="7" lowest_binding_energy="0.00" run="7" mean_binding_energy="0.00" num_in_clus="1" />
			<cluster cluster_rank="8" lowest_binding_energy="0.00" run="8" mean_binding_energy="0.00" num_in_clus="1" />
			<cluster cluster_rank="9" lowest_binding_energy="0.00" run="9" mean_binding_energy="0.00" num_in_clus="1" />
			<cluster cluster_rank="10" lowest_binding_energy="0.00" run="10" mean_binding_energy="0.00" num_in_clus="1" />
			<cluster cluster_rank="11" lowest_binding_energy="0.00" run="11" mean_binding_energy="0.00" num_in_clus="1" />
			<cluster cluster_rank="12" lowest_binding_energy="0.00" run="12" mean_binding_energy="0.00" num_in_clus="1" />
			<cluster cluster_rank="13" lowest_binding_energy="0.00" run="13" mean_binding_energy="0.00" num_in_clus="1" />
			<cluster cluster_rank="14" lowest_binding_energy="0.00" run="14" mean_binding_energy="0.00" num_in_clus="1" />
			<cluster cluster_rank="15" lowest_binding_energy="0.00" run="15" mean_binding_energy="0.00" num_in_clus="1" />
			<cluster cluster_rank="16" lowest_binding_energy="0.00" run="16" mean_binding_energy="0.00" num_in_clus="1" />
			<cluster cluster_rank="17" lowest_binding_energy="0.00" run="17" mean_binding_energy="0.00" num_in_clus="1" />
			<cluster cluster_rank="18" lowest_binding_energy="0.00" run="18" mean_binding_energy="0.00" num_in_clus="1" />
			<cluster cluster_rank="19" lowest_binding_energy="0.00" run="19" mean_binding_energy="0.00" num_in_clus="1" />
			<cluster cluster_rank="20" lowest_binding_energy="0.00" run="20" mean_binding_energy="0.00" num_in_clus="1" />
		</clustering_histogram>
		<rmsd_table>
			<run rank="1" sub_rank="1" run="1" binding_energy="0.00" cluster_rmsd="0.00" reference_rmsd="-nan" />
			<run rank="2" sub_rank="1" run="2" binding_energy="0.00" cluster_rmsd="0.00" reference_rmsd="-nan" />
			<run rank="3" sub_rank="1" run="3" binding_energy="0.00" cluster_rmsd="0.00" reference_rmsd="-nan" />
			<run rank="4" sub_rank="1" run="4" binding_energy="0.00" cluster_rmsd="0.00" reference_rmsd="-nan" />
			<run rank="5" sub_rank="1" run="5" binding_energy="0.00" cluster_rmsd="0.00" reference_rmsd="-nan" />
			<run rank="6" sub_rank="1" run="6" binding_energy="0.00" cluster_rmsd="0.00" reference_rmsd="-nan" />
			<run rank="7" sub_rank="1" run="7" binding_energy="0.00" cluster_rmsd="0.00" reference_rmsd="-nan" />
			<run rank="8" sub_rank="1" run="8" binding_energy="0.00" cluster_rmsd="0.00" reference_rmsd="-nan" />
			<run rank="9" sub_rank="1" run="9" binding_energy="0.00" cluster_rmsd="0.00" reference_rmsd="-nan" />
			<run rank="10" sub_rank="1" run="10" binding_energy="0.00" cluster_rmsd="0.00" reference_rmsd="-nan" />
			<run rank="11" sub_rank="1" run="11" binding_energy="0.00" cluster_rmsd="0.00" reference_rmsd="-nan" />
			<run rank="12" sub_rank="1" run="12" binding_energy="0.00" cluster_rmsd="0.00" reference_rmsd="-nan" />
			<run rank="13" sub_rank="1" run="13" binding_energy="0.00" cluster_rmsd="0.00" reference_rmsd="-nan" />
			<run rank="14" sub_rank="1" run="14" binding_energy="0.00" cluster_rmsd="0.00" reference_rmsd="-nan" />
			<run rank="15" sub_rank="1" run="15" binding_energy="0.00" cluster_rmsd="0.00" reference_rmsd="-nan" />
			<run rank="16" sub_rank="1" run="16" binding_energy="0.00" cluster_rmsd="0.00" reference_rmsd="-nan" />
			<run rank="17" sub_rank="1" run="17" binding_energy="0.00" cluster_rmsd="0.00" reference_rmsd="-nan" />
			<run rank="18" sub_rank="1" run="18" binding_energy="0.00" cluster_rmsd="0.00" reference_rmsd="-nan" />
			<run rank="19" sub_rank="1" run="19" binding_energy="0.00" cluster_rmsd="0.00" reference_rmsd="-nan" />
			<run rank="20" sub_rank="1" run="20" binding_energy="0.00" cluster_rmsd="0.00" reference_rmsd="-nan" />
		</rmsd_table>
	</result>
</autodock_gpu>
