<?xml version="1.0" ?>
<autodock_gpu>
	<version>v1.5.3</version>
	<arguments>--lfile AMP.pdbqt --flexres 3kgd_receptorFH_flex.pdbqt --ffile 3kgd_receptorFH_rigid.maps.fld --import_dpf 3kgd_receptorFH.reactive_config --resnam AMP</arguments>
	<dpf>3kgd_receptorFH.reactive_config</dpf>
	<grid>3kgd_receptorFH_rigid.maps.fld</grid>
	<ligand>AMP.pdbqt</ligand>
	<flexres>3kgd_receptorFH_flex.pdbqt</flexres>
	<seed>1728700527 6402</seed>
	<ls_method>ad</ls_method>
	<autostop>yes</autostop>
	<heuristics>yes</heuristics>
	<run_requested>20</run_requested>
	<runs>
		<run id="17">
			<free_NRG_binding>   -9.52</free_NRG_binding>
			<final_intermol_NRG> -11.61</final_intermol_NRG>
			<internal_ligand_NRG>-2.81</internal_ligand_NRG>
			<torsonial_free_NRG> 2.09</torsonial_free_NRG>
			<tran0>8.580198 12.880898 11.273589</tran0>
			<axisangle0>0.68764569 0.05142453 0.72422298 140.576675</axisangle0>
			<ndihe>9</ndihe>
			<dihe0>118.910805 29.414543 283.269745 319.303101 347.559753 277.062927 48.419098 38.634644 337.324127
			</dihe0>
		</run>
		<run id="9">
			<free_NRG_binding>   -9.51</free_NRG_binding>
			<final_intermol_NRG> -11.60</final_intermol_NRG>
			<internal_ligand_NRG>-2.81</internal_ligand_NRG>
			<torsonial_free_NRG> 2.09</torsonial_free_NRG>
			<tran0>8.585072 12.873994 11.288240</tran0>
			<axisangle0>-0.68676770 -0.05901248 -0.72447751 219.325485</axisangle0>
			<ndihe>9</ndihe>
			<dihe0>121.733749 29.213167 282.882477 318.958221 346.384308 279.316254 48.191761 39.471081 337.698486
			</dihe0>
		</run>
		<run id="5">
			<free_NRG_binding>   -9.47</free_NRG_binding>
			<final_intermol_NRG> -11.56</final_intermol_NRG>
			<internal_ligand_NRG>-2.85</internal_ligand_NRG>
			<torsonial_free_NRG> 2.09</torsonial_free_NRG>
			<tran0>8.560003 12.874221 11.245776</tran0>
			<axisangle0>0.69017249 0.04747847 0.72208568 140.083572</axisangle0>
			<ndihe>9</ndihe>
			<dihe0>298.810730 30.287916 284.375366 318.357666 313.724548 292.587708 69.451721 38.966808 337.370483
			</dihe0>
		</run>
		<run id="12">
			<free_NRG_binding>   -9.46</free_NRG_binding>
			<final_intermol_NRG> -11.55</final_intermol_NRG>
			<internal_ligand_NRG>-2.80</internal_ligand_NRG>
			<torsonial_free_NRG> 2.09</torsonial_free_NRG>
			<tran0>8.637793 12.898560 11.271217</tran0>
			<axisangle0>-0.69749858 -0.04149602 -0.71538368 218.765976</axisangle0>
			<ndihe>9</ndihe>
			<dihe0>282.571838 31.718643 284.520752 320.431885 341.320740 277.338654 54.759163 38.025951 337.205627
			</dihe0>
		</run>
		<run id="13">
			<free_NRG_binding>   -9.44</free_NRG_binding>
			<final_intermol_NRG> -11.53</final_intermol_NRG>
			<internal_ligand_NRG>-2.81</internal_ligand_NRG>
			<torsonial_free_NRG> 2.09</torsonial_free_NRG>
			<tran0>8.543197 12.777472 11.288088</tran0>
			<axisangle0>0.69014203 0.04659323 0.72217245 137.451706</axisangle0>
			<ndihe>9</ndihe>
			<dihe0>123.129875 32.583595 286.011505 318.972137 47.256226 312.539703 83.861031 7.511689 341.446014
			</dihe0>
		</run>
		<run id="6">
			<free_NRG_binding>   -9.44</free_NRG_binding>
			<final_intermol_NRG> -11.53</final_intermol_NRG>
			<internal_ligand_NRG>-2.85</internal_ligand_NRG>
			<torsonial_free_NRG> 2.09</torsonial_free_NRG>
			<tran0>8.563434 12.846012 11.261507</tran0>
			<axisangle0>-0.69090129 -0.04551117 -0.72151517 220.265457</axisangle0>
			<ndihe>9</ndihe>
			<dihe0>294.897888 30.540966 284.052094 318.798737 304.613281 297.780640 75.056114 38.237888 337.230072
			</dihe0>
		</run>
		<run id="2">
			<free_NRG_binding>   -9.36</free_NRG_binding>
			<final_intermol_NRG> -11.45</final_intermol_NRG>
			<internal_ligand_NRG>-2.99</internal_ligand_NRG>
			<torsonial_free_NRG> 2.09</torsonial_free_NRG>
			<tran0>8.600924 12.826346 11.324074</tran0>
			<axisangle0>-0.68599484 -0.05514028 -0.72551405 219.866470</axisangle0>
			<ndihe>9</ndihe>
			<dihe0>117.791702 29.964916 283.308563 319.249634 40.688480 307.507416 82.328735 267.877411 341.947021
			</dihe0>
		</run>
		<run id="11">
			<free_NRG_binding>   -9.36</free_NRG_binding>
			<final_intermol_NRG> -11.44</final_intermol_NRG>
			<internal_ligand_NRG>-2.90</internal_ligand_NRG>
			<torsonial_free_NRG> 2.09</torsonial_free_NRG>
			<tran0>8.542133 12.795579 11.255710</tran0>
			<axisangle0>0.68978785 0.04723454 0.72246911 137.742218</axisangle0>
			<ndihe>9</ndihe>
			<dihe0>129.191391 32.197678 285.500305 319.298553 291.075073 309.532867 82.618660 42.168015 339.779724
			</dihe0>
		</run>
		<run id="10">
			<free_NRG_binding>   -9.35</free_NRG_binding>
			<final_intermol_NRG> -11.43</final_intermol_NRG>
			<internal_ligand_NRG>-2.98</internal_ligand_NRG>
			<torsonial_free_NRG> 2.09</torsonial_free_NRG>
			<tran0>8.602311 12.829708 11.284992</tran0>
			<axisangle0>-0.68639258 -0.05433259 -0.72519873 219.515961</axisangle0>
			<ndihe>9</ndihe>
			<dihe0>118.052483 29.783670 283.439484 319.473663 41.725811 306.385223 81.208748 268.186737 342.043182
			</dihe0>
		</run>
		<run id="20">
			<free_NRG_binding>   -9.32</free_NRG_binding>
			<final_intermol_NRG> -11.41</final_intermol_NRG>
			<internal_ligand_NRG>-2.95</internal_ligand_NRG>
			<torsonial_free_NRG> 2.09</torsonial_free_NRG>
			<tran0>8.630723 12.925906 11.213573</tran0>
			<axisangle0>-0.67819631 -0.06961578 -0.73157597 217.368011</axisangle0>
			<ndihe>9</ndihe>
			<dihe0>299.717285 26.875280 282.585663 319.905975 342.675842 278.520660 51.713974 273.510864 344.370026
			</dihe0>
		</run>
		<run id="16">
			<free_NRG_binding>   -9.29</free_NRG_binding>
			<final_intermol_NRG> -11.38</final_intermol_NRG>
			<internal_ligand_NRG>-2.99</internal_ligand_NRG>
			<torsonial_free_NRG> 2.09</torsonial_free_NRG>
			<tran0>8.603901 12.902425 11.319157</tran0>
			<axisangle0>0.68205571 0.05656891 0.72910902 140.440475</axisangle0>
			<ndihe>9</ndihe>
			<dihe0>118.904381 29.336367 282.773102 319.897827 46.007885 304.722076 78.713760 270.143982 343.037201
			</dihe0>
		</run>
		<run id="18">
			<free_NRG_binding>   -9.28</free_NRG_binding>
			<final_intermol_NRG> -11.37</final_intermol_NRG>
			<internal_ligand_NRG>-2.97</internal_ligand_NRG>
			<torsonial_free_NRG> 2.09</torsonial_free_NRG>
			<tran0>8.617756 12.951938 11.185394</tran0>
			<axisangle0>0.68078095 0.06299852 0.72977290 142.630402</axisangle0>
			<ndihe>9</ndihe>
			<dihe0>117.826805 27.592573 283.136292 319.270844 345.571899 274.758850 50.923264 272.554352 344.126373
			</dihe0>
		</run>
		<run id="3">
			<free_NRG_binding>   -9.27</free_NRG_binding>
			<final_intermol_NRG> -11.35</final_intermol_NRG>
			<internal_ligand_NRG>-3.00</internal_ligand_NRG>
			<torsonial_free_NRG> 2.09</torsonial_free_NRG>
			<tran0>8.619094 12.884126 11.269747</tran0>
			<axisangle0>0.67218565 0.08322643 0.73569003 141.633881</axisangle0>
			<ndihe>9</ndihe>
			<dihe0>318.298340 25.966400 282.658325 318.472839 328.105194 290.346588 60.350582 274.717072 345.222839
			</dihe0>
		</run>
		<run id="1">
			<free_NRG_binding>   -9.25</free_NRG_binding>
			<final_intermol_NRG> -11.34</final_intermol_NRG>
			<internal_ligand_NRG>-3.03</internal_ligand_NRG>
			<torsonial_free_NRG> 2.09</torsonial_free_NRG>
			<tran0>8.596697 12.875144 11.211019</tran0>
			<axisangle0>-0.66972779 -0.08015729 -0.73826790 218.936554</axisangle0>
			<ndihe>9</ndihe>
			<dihe0>137.638199 26.209671 283.361786 318.028229 320.888519 293.607788 65.517410 274.607391 344.930542
			</dihe0>
		</run>
		<run id="15">
			<free_NRG_binding>   -9.24</free_NRG_binding>
			<final_intermol_NRG> -11.32</final_intermol_NRG>
			<internal_ligand_NRG>-3.08</internal_ligand_NRG>
			<torsonial_free_NRG> 2.09</torsonial_free_NRG>
			<tran0>8.521189 13.360558 11.056362</tran0>
			<axisangle0>0.63059080 0.17741614 0.75556519 131.378983</axisangle0>
			<ndihe>9</ndihe>
			<dihe0>170.867142 15.720445 289.687347 317.490509 57.114979 328.956421 56.487804 268.639191 342.270020
			</dihe0>
		</run>
		<run id="8">
			<free_NRG_binding>   -9.22</free_NRG_binding>
			<final_intermol_NRG> -11.31</final_intermol_NRG>
			<internal_ligand_NRG>-3.10</internal_ligand_NRG>
			<torsonial_free_NRG> 2.09</torsonial_free_NRG>
			<tran0>8.512339 13.343230 11.018833</tran0>
			<axisangle0>0.62867172 0.17312316 0.75815582 131.678177</axisangle0>
			<ndihe>9</ndihe>
			<dihe0>359.768921 14.991082 291.925201 317.881256 57.701527 326.805542 56.672894 269.311981 342.734985
			</dihe0>
		</run>
		<run id="4">
			<free_NRG_binding>   -9.22</free_NRG_binding>
			<final_intermol_NRG> -11.31</final_intermol_NRG>
			<internal_ligand_NRG>-3.10</internal_ligand_NRG>
			<torsonial_free_NRG> 2.09</torsonial_free_NRG>
			<tran0>8.505965 13.364343 11.009708</tran0>
			<axisangle0>-0.62701395 -0.16974405 -0.76028973 228.799606</axisangle0>
			<ndihe>9</ndihe>
			<dihe0>172.113373 15.064707 289.417175 316.978241 53.504757 328.135468 59.070015 268.907166 342.520508
			</dihe0>
		</run>
		<run id="19">
			<free_NRG_binding>   -9.22</free_NRG_binding>
			<final_intermol_NRG> -11.31</final_intermol_NRG>
			<internal_ligand_NRG>-3.08</internal_ligand_NRG>
			<torsonial_free_NRG> 2.09</torsonial_free_NRG>
			<tran0>8.519037 13.389586 11.102398</tran0>
			<axisangle0>0.62445316 0.17722347 0.76069054 131.756134</axisangle0>
			<ndihe>9</ndihe>
			<dihe0>359.386444 15.784521 289.228973 316.516022 59.239513 330.067566 53.209919 268.552338 342.108887
			</dihe0>
		</run>
		<run id="7">
			<free_NRG_binding>   -9.16</free_NRG_binding>
			<final_intermol_NRG> -11.25</final_intermol_NRG>
			<internal_ligand_NRG>-3.03</internal_ligand_NRG>
			<torsonial_free_NRG> 2.09</torsonial_free_NRG>
			<tran0>8.568352 12.934683 10.968749</tran0>
			<axisangle0>0.66508207 0.06597192 0.74385049 141.336548</axisangle0>
			<ndihe>9</ndihe>
			<dihe0>140.869461 24.481153 285.671234 318.367401 326.642639 282.910187 63.106819 272.743774 344.249695
			</dihe0>
		</run>
		<run id="14">
			<free_NRG_binding>   -9.13</free_NRG_binding>
			<final_intermol_NRG> -11.22</final_intermol_NRG>
			<internal_ligand_NRG>-3.05</internal_ligand_NRG>
			<torsonial_free_NRG> 2.09</torsonial_free_NRG>
			<tran0>8.513904 13.330718 11.031838</tran0>
			<axisangle0>0.62182769 0.18749645 0.76037846 132.623306</axisangle0>
			<ndihe>9</ndihe>
			<dihe0>359.952942 14.223142 289.344635 317.239471 316.844055 324.524902 50.201267 268.011566 342.114532
			</dihe0>
		</run>
	</runs>
	<result>
		<clustering_histogram>
			<cluster cluster_rank="1" lowest_binding_energy="-9.52" run="17" mean_binding_energy="-9.33" num_in_clus="20" />
		</clustering_histogram>
		<rmsd_table>
			<run rank="1" sub_rank="1" run="17" binding_energy="-9.52" cluster_rmsd="0.00" reference_rmsd="38.27" />
			<run rank="1" sub_rank="2" run="9" binding_energy="-9.51" cluster_rmsd="0.04" reference_rmsd="38.27" />
			<run rank="1" sub_rank="3" run="5" binding_energy="-9.47" cluster_rmsd="0.15" reference_rmsd="38.27" />
			<run rank="1" sub_rank="4" run="12" binding_energy="-9.46" cluster_rmsd="0.13" reference_rmsd="38.24" />
			<run rank="1" sub_rank="5" run="13" binding_energy="-9.44" cluster_rmsd="0.32" reference_rmsd="38.34" />
			<run rank="1" sub_rank="6" run="6" binding_energy="-9.44" cluster_rmsd="0.20" reference_rmsd="38.29" />
			<run rank="1" sub_rank="7" run="2" binding_energy="-9.36" cluster_rmsd="0.33" reference_rmsd="38.28" />
			<run rank="1" sub_rank="8" run="11" binding_energy="-9.36" cluster_rmsd="0.30" reference_rmsd="38.33" />
			<run rank="1" sub_rank="9" run="10" binding_energy="-9.35" cluster_rmsd="0.32" reference_rmsd="38.28" />
			<run rank="1" sub_rank="10" run="20" binding_energy="-9.32" cluster_rmsd="0.17" reference_rmsd="38.20" />
			<run rank="1" sub_rank="11" run="16" binding_energy="-9.29" cluster_rmsd="0.31" reference_rmsd="38.22" />
			<run rank="1" sub_rank="12" run="18" binding_energy="-9.28" cluster_rmsd="0.18" reference_rmsd="38.18" />
			<run rank="1" sub_rank="13" run="3" binding_energy="-9.27" cluster_rmsd="0.23" reference_rmsd="38.24" />
			<run rank="1" sub_rank="14" run="1" binding_energy="-9.25" cluster_rmsd="0.25" reference_rmsd="38.25" />
			<run rank="1" sub_rank="15" run="15" binding_energy="-9.24" cluster_rmsd="1.15" reference_rmsd="37.72" />
			<run rank="1" sub_rank="16" run="8" binding_energy="-9.22" cluster_rmsd="1.14" reference_rmsd="37.75" />
			<run rank="1" sub_rank="17" run="4" binding_energy="-9.22" cluster_rmsd="1.16" reference_rmsd="37.72" />
			<run rank="1" sub_rank="18" run="19" binding_energy="-9.22" cluster_rmsd="1.15" reference_rmsd="37.70" />
			<run rank="1" sub_rank="19" run="7" binding_energy="-9.16" cluster_rmsd="0.36" reference_rmsd="38.21" />
			<run rank="1" sub_rank="20" run="14" binding_energy="-9.13" cluster_rmsd="1.13" reference_rmsd="37.78" />
		</rmsd_table>
	</result>
</autodock_gpu>
