<?xml version="1.0" ?>
<autodock_gpu>
	<version>v1.5.3</version>
	<arguments>--lfile AMP.pdbqt --flexres 3kgd_receptorFH_flex.pdbqt --ffile 3kgd_receptorFH_rigid.maps.fld --import_dpf 3kgd_receptorFH.reactive_config --resnam AMP</arguments>
	<dpf>3kgd_receptorFH.reactive_config</dpf>
	<grid>3kgd_receptorFH_rigid.maps.fld</grid>
	<ligand>AMP.pdbqt</ligand>
	<flexres>3kgd_receptorFH_flex.pdbqt</flexres>
	<seed>1726618313 10930</seed>
	<ls_method>ad</ls_method>
	<autostop>yes</autostop>
	<heuristics>yes</heuristics>
	<run_requested>20</run_requested>
	<runs>
		<run id="16">
			<free_NRG_binding>   -9.45</free_NRG_binding>
			<final_intermol_NRG> -11.54</final_intermol_NRG>
			<internal_ligand_NRG>-3.00</internal_ligand_NRG>
			<torsonial_free_NRG> 2.09</torsonial_free_NRG>
			<tran0>8.499139 13.676627 10.941143</tran0>
			<axisangle0>0.64090161 -0.19899214 -0.74138199 162.387558</axisangle0>
			<ndihe>9</ndihe>
			<dihe0>334.116882 4.773042 314.475616 239.879593 89.168800 227.145660 33.112797 40.034027 337.901764
			</dihe0>
		</run>
		<run id="6">
			<free_NRG_binding>   -9.45</free_NRG_binding>
			<final_intermol_NRG> -11.54</final_intermol_NRG>
			<internal_ligand_NRG>-2.99</internal_ligand_NRG>
			<torsonial_free_NRG> 2.09</torsonial_free_NRG>
			<tran0>8.549568 13.717346 10.958443</tran0>
			<axisangle0>0.63458753 -0.19846344 -0.74693436 163.013107</axisangle0>
			<ndihe>9</ndihe>
			<dihe0>334.801941 11.306288 314.390320 239.862274 89.469887 226.761322 34.236832 40.122993 337.967102
			</dihe0>
		</run>
		<run id="17">
			<free_NRG_binding>   -9.44</free_NRG_binding>
			<final_intermol_NRG> -11.53</final_intermol_NRG>
			<internal_ligand_NRG>-3.00</internal_ligand_NRG>
			<torsonial_free_NRG> 2.09</torsonial_free_NRG>
			<tran0>8.513933 13.702373 10.934509</tran0>
			<axisangle0>-0.63867514 0.19631092 0.74401350 196.995804</axisangle0>
			<ndihe>9</ndihe>
			<dihe0>338.862244 7.955568 314.436127 240.374359 78.632797 231.295547 39.749531 38.862053 337.393036
			</dihe0>
		</run>
		<run id="9">
			<free_NRG_binding>   -9.42</free_NRG_binding>
			<final_intermol_NRG> -11.50</final_intermol_NRG>
			<internal_ligand_NRG>-3.00</internal_ligand_NRG>
			<torsonial_free_NRG> 2.09</torsonial_free_NRG>
			<tran0>8.524850 13.686494 10.905127</tran0>
			<axisangle0>-0.63872290 0.19678014 0.74384853 197.960495</axisangle0>
			<ndihe>9</ndihe>
			<dihe0>339.334198 5.948933 314.760223 239.849640 73.927322 235.126160 42.210667 40.648327 337.803009
			</dihe0>
		</run>
		<run id="5">
			<free_NRG_binding>   -9.39</free_NRG_binding>
			<final_intermol_NRG> -11.48</final_intermol_NRG>
			<internal_ligand_NRG>-2.94</internal_ligand_NRG>
			<torsonial_free_NRG> 2.09</torsonial_free_NRG>
			<tran0>8.524605 13.835542 10.950395</tran0>
			<axisangle0>-0.64229228 0.17441140 0.74635199 197.336411</axisangle0>
			<ndihe>9</ndihe>
			<dihe0>337.607513 5.300674 315.017975 240.661682 85.501335 217.137619 31.467594 200.757248 344.796753
			</dihe0>
		</run>
		<run id="8">
			<free_NRG_binding>   -9.37</free_NRG_binding>
			<final_intermol_NRG> -11.46</final_intermol_NRG>
			<internal_ligand_NRG>-2.94</internal_ligand_NRG>
			<torsonial_free_NRG> 2.09</torsonial_free_NRG>
			<tran0>8.523930 13.819146 10.948365</tran0>
			<axisangle0>-0.64419746 0.16918007 0.74591403 196.513351</axisangle0>
			<ndihe>9</ndihe>
			<dihe0>339.808411 5.609206 314.880432 240.703888 76.673615 218.973831 36.569653 198.167770 344.057373
			</dihe0>
		</run>
		<run id="4">
			<free_NRG_binding>   -9.36</free_NRG_binding>
			<final_intermol_NRG> -11.44</final_intermol_NRG>
			<internal_ligand_NRG>-3.12</internal_ligand_NRG>
			<torsonial_free_NRG> 2.09</torsonial_free_NRG>
			<tran0>8.492241 13.719104 10.958591</tran0>
			<axisangle0>-0.64035551 0.20532673 0.74012550 202.370163</axisangle0>
			<ndihe>9</ndihe>
			<dihe0>339.438599 1.407732 314.847076 240.167175 160.584488 259.100494 49.309078 267.645844 342.001465
			</dihe0>
		</run>
		<run id="7">
			<free_NRG_binding>   -9.30</free_NRG_binding>
			<final_intermol_NRG> -11.39</final_intermol_NRG>
			<internal_ligand_NRG>-3.14</internal_ligand_NRG>
			<torsonial_free_NRG> 2.09</torsonial_free_NRG>
			<tran0>8.511003 13.661651 10.918540</tran0>
			<axisangle0>0.64193822 -0.19844761 -0.74063073 160.379562</axisangle0>
			<ndihe>9</ndihe>
			<dihe0>204.786224 3.531355 314.477142 240.009735 148.539139 258.352173 58.903416 267.260254 341.822174
			</dihe0>
		</run>
		<run id="13">
			<free_NRG_binding>   -9.29</free_NRG_binding>
			<final_intermol_NRG> -11.38</final_intermol_NRG>
			<internal_ligand_NRG>-3.12</internal_ligand_NRG>
			<torsonial_free_NRG> 2.09</torsonial_free_NRG>
			<tran0>8.504243 13.725211 10.984493</tran0>
			<axisangle0>0.63875462 -0.20268545 -0.74223389 158.614716</axisangle0>
			<ndihe>9</ndihe>
			<dihe0>202.375259 4.225208 315.177826 240.016144 161.014923 256.052338 51.347145 268.222137 342.005707
			</dihe0>
		</run>
		<run id="1">
			<free_NRG_binding>   -9.28</free_NRG_binding>
			<final_intermol_NRG> -11.37</final_intermol_NRG>
			<internal_ligand_NRG>-3.09</internal_ligand_NRG>
			<torsonial_free_NRG> 2.09</torsonial_free_NRG>
			<tran0>8.526172 13.691148 10.914300</tran0>
			<axisangle0>-0.64366425 0.18310068 0.74308174 197.635544</axisangle0>
			<ndihe>9</ndihe>
			<dihe0>338.449738 5.000379 314.571991 240.682846 84.655945 220.835388 33.556095 265.589844 341.520447
			</dihe0>
		</run>
		<run id="19">
			<free_NRG_binding>   -9.25</free_NRG_binding>
			<final_intermol_NRG> -11.33</final_intermol_NRG>
			<internal_ligand_NRG>-3.08</internal_ligand_NRG>
			<torsonial_free_NRG> 2.09</torsonial_free_NRG>
			<tran0>8.550552 13.604831 10.896238</tran0>
			<axisangle0>0.63366311 -0.19028074 -0.74984285 164.299545</axisangle0>
			<ndihe>9</ndihe>
			<dihe0>333.156586 11.387630 310.057159 239.393005 124.325111 265.831177 80.302620 260.926147 339.871521
			</dihe0>
		</run>
		<run id="18">
			<free_NRG_binding>   -9.25</free_NRG_binding>
			<final_intermol_NRG> -11.33</final_intermol_NRG>
			<internal_ligand_NRG>-3.13</internal_ligand_NRG>
			<torsonial_free_NRG> 2.09</torsonial_free_NRG>
			<tran0>8.517838 13.641745 10.773792</tran0>
			<axisangle0>-0.64041275 0.18760627 0.74476533 200.030640</axisangle0>
			<ndihe>9</ndihe>
			<dihe0>204.139481 3.637190 316.323914 239.950073 80.835564 229.573517 40.715042 269.216888 342.874573
			</dihe0>
		</run>
		<run id="11">
			<free_NRG_binding>   -9.20</free_NRG_binding>
			<final_intermol_NRG> -11.29</final_intermol_NRG>
			<internal_ligand_NRG>-3.14</internal_ligand_NRG>
			<torsonial_free_NRG> 2.09</torsonial_free_NRG>
			<tran0>8.526277 13.746208 10.870833</tran0>
			<axisangle0>-0.64215780 0.18421241 0.74410963 199.737350</axisangle0>
			<ndihe>9</ndihe>
			<dihe0>337.312531 4.578862 315.536377 233.294525 181.876648 237.203674 45.552582 271.307159 343.811951
			</dihe0>
		</run>
		<run id="20">
			<free_NRG_binding>   -9.19</free_NRG_binding>
			<final_intermol_NRG> -11.27</final_intermol_NRG>
			<internal_ligand_NRG>-3.08</internal_ligand_NRG>
			<torsonial_free_NRG> 2.09</torsonial_free_NRG>
			<tran0>8.492876 13.693175 10.952363</tran0>
			<axisangle0>0.64102477 -0.19234750 -0.74302738 164.503189</axisangle0>
			<ndihe>9</ndihe>
			<dihe0>328.179993 206.265060 314.535553 240.160324 83.819649 225.398254 38.929100 39.780685 337.495148
			</dihe0>
		</run>
		<run id="15">
			<free_NRG_binding>   -9.16</free_NRG_binding>
			<final_intermol_NRG> -11.25</final_intermol_NRG>
			<internal_ligand_NRG>-3.07</internal_ligand_NRG>
			<torsonial_free_NRG> 2.09</torsonial_free_NRG>
			<tran0>8.528721 13.861236 10.978419</tran0>
			<axisangle0>0.64479902 -0.15881839 -0.74767035 164.104782</axisangle0>
			<ndihe>9</ndihe>
			<dihe0>338.492371 5.625593 37.228050 240.885803 67.681732 221.673111 43.421604 198.426056 343.368896
			</dihe0>
		</run>
		<run id="3">
			<free_NRG_binding>   -9.14</free_NRG_binding>
			<final_intermol_NRG> -11.22</final_intermol_NRG>
			<internal_ligand_NRG>-2.95</internal_ligand_NRG>
			<torsonial_free_NRG> 2.09</torsonial_free_NRG>
			<tran0>8.743700 13.233167 11.190730</tran0>
			<axisangle0>-0.61871973 0.08465976 0.78103689 186.817535</axisangle0>
			<ndihe>9</ndihe>
			<dihe0>285.847626 22.849594 313.841553 240.873566 71.758751 198.092987 54.811329 203.487274 342.589539
			</dihe0>
		</run>
		<run id="12">
			<free_NRG_binding>   -9.12</free_NRG_binding>
			<final_intermol_NRG> -11.21</final_intermol_NRG>
			<internal_ligand_NRG>-3.16</internal_ligand_NRG>
			<torsonial_free_NRG> 2.09</torsonial_free_NRG>
			<tran0>8.531920 13.726527 10.877460</tran0>
			<axisangle0>0.64085043 -0.17253328 -0.74802607 162.883850</axisangle0>
			<ndihe>9</ndihe>
			<dihe0>333.926086 5.860136 314.039001 240.152786 195.679611 221.465927 38.559612 271.858002 343.807831
			</dihe0>
		</run>
		<run id="10">
			<free_NRG_binding>   -9.05</free_NRG_binding>
			<final_intermol_NRG> -11.14</final_intermol_NRG>
			<internal_ligand_NRG>-3.06</internal_ligand_NRG>
			<torsonial_free_NRG> 2.09</torsonial_free_NRG>
			<tran0>8.472437 13.643174 10.842456</tran0>
			<axisangle0>0.63748692 -0.20242578 -0.74339372 161.142441</axisangle0>
			<ndihe>9</ndihe>
			<dihe0>207.120789 5.608443 315.036499 239.832336 134.329498 266.129395 71.775581 221.910110 341.600830
			</dihe0>
		</run>
		<run id="2">
			<free_NRG_binding>   -9.02</free_NRG_binding>
			<final_intermol_NRG> -11.11</final_intermol_NRG>
			<internal_ligand_NRG>-3.20</internal_ligand_NRG>
			<torsonial_free_NRG> 2.09</torsonial_free_NRG>
			<tran0>8.500615 13.621313 10.899678</tran0>
			<axisangle0>-0.64931547 0.18371239 0.73799674 199.125168</axisangle0>
			<ndihe>9</ndihe>
			<dihe0>333.981964 202.436569 314.518280 240.352585 83.195625 228.622437 36.693146 269.352814 342.850464
			</dihe0>
		</run>
		<run id="14">
			<free_NRG_binding>   -8.85</free_NRG_binding>
			<final_intermol_NRG> -10.94</final_intermol_NRG>
			<internal_ligand_NRG>-2.87</internal_ligand_NRG>
			<torsonial_free_NRG> 2.09</torsonial_free_NRG>
			<tran0>8.072683 14.950476 13.177408</tran0>
			<axisangle0>0.56624368 0.06560535 -0.82162280 132.801056</axisangle0>
			<ndihe>9</ndihe>
			<dihe0>284.292419 321.972626 315.231842 204.051437 238.268173 201.747116 276.368622 46.619823 338.563080
			</dihe0>
		</run>
	</runs>
	<result>
		<clustering_histogram>
			<cluster cluster_rank="1" lowest_binding_energy="-9.45" run="16" mean_binding_energy="-9.27" num_in_clus="19" />
			<cluster cluster_rank="2" lowest_binding_energy="-8.85" run="14" mean_binding_energy="-8.85" num_in_clus="1" />
		</clustering_histogram>
		<rmsd_table>
			<run rank="1" sub_rank="1" run="16" binding_energy="-9.45" cluster_rmsd="0.00" reference_rmsd="37.64" />
			<run rank="1" sub_rank="2" run="6" binding_energy="-9.45" cluster_rmsd="0.11" reference_rmsd="37.60" />
			<run rank="1" sub_rank="3" run="17" binding_energy="-9.44" cluster_rmsd="0.08" reference_rmsd="37.62" />
			<run rank="1" sub_rank="4" run="9" binding_energy="-9.42" cluster_rmsd="0.08" reference_rmsd="37.62" />
			<run rank="1" sub_rank="5" run="5" binding_energy="-9.39" cluster_rmsd="0.28" reference_rmsd="37.45" />
			<run rank="1" sub_rank="6" run="8" binding_energy="-9.37" cluster_rmsd="0.30" reference_rmsd="37.48" />
			<run rank="1" sub_rank="7" run="4" binding_energy="-9.36" cluster_rmsd="0.33" reference_rmsd="37.54" />
			<run rank="1" sub_rank="8" run="7" binding_energy="-9.30" cluster_rmsd="0.40" reference_rmsd="37.61" />
			<run rank="1" sub_rank="9" run="13" binding_energy="-9.29" cluster_rmsd="0.40" reference_rmsd="37.55" />
			<run rank="1" sub_rank="10" run="1" binding_energy="-9.28" cluster_rmsd="0.15" reference_rmsd="37.60" />
			<run rank="1" sub_rank="11" run="19" binding_energy="-9.25" cluster_rmsd="0.35" reference_rmsd="37.67" />
			<run rank="1" sub_rank="12" run="18" binding_energy="-9.25" cluster_rmsd="0.34" reference_rmsd="37.65" />
			<run rank="1" sub_rank="13" run="11" binding_energy="-9.20" cluster_rmsd="0.20" reference_rmsd="37.54" />
			<run rank="1" sub_rank="14" run="20" binding_energy="-9.19" cluster_rmsd="1.18" reference_rmsd="38.42" />
			<run rank="1" sub_rank="15" run="15" binding_energy="-9.16" cluster_rmsd="0.47" reference_rmsd="37.43" />
			<run rank="1" sub_rank="16" run="3" binding_energy="-9.14" cluster_rmsd="1.15" reference_rmsd="38.12" />
			<run rank="1" sub_rank="17" run="12" binding_energy="-9.12" cluster_rmsd="0.23" reference_rmsd="37.57" />
			<run rank="1" sub_rank="18" run="10" binding_energy="-9.05" cluster_rmsd="0.43" reference_rmsd="37.63" />
			<run rank="1" sub_rank="19" run="2" binding_energy="-9.02" cluster_rmsd="1.17" reference_rmsd="38.45" />
			<run rank="2" sub_rank="1" run="14" binding_energy="-8.85" cluster_rmsd="0.00" reference_rmsd="36.32" />
		</rmsd_table>
	</result>
</autodock_gpu>
