<?xml version="1.0" ?>
<autodock_gpu>
	<version>v1.5.3</version>
	<arguments>--lfile AMP.pdbqt --flexres 3kgd_receptorFH_flex.pdbqt --ffile 3kgd_receptorFH_rigid.maps.fld --import_dpf 3kgd_receptorFH.reactive_config --resnam AMP</arguments>
	<dpf>3kgd_receptorFH.reactive_config</dpf>
	<grid>3kgd_receptorFH_rigid.maps.fld</grid>
	<ligand>AMP.pdbqt</ligand>
	<flexres>3kgd_receptorFH_flex.pdbqt</flexres>
	<seed>1730403114 8705</seed>
	<ls_method>ad</ls_method>
	<autostop>yes</autostop>
	<heuristics>yes</heuristics>
	<run_requested>20</run_requested>
	<runs>
		<run id="10">
			<free_NRG_binding>   -8.99</free_NRG_binding>
			<final_intermol_NRG> -11.08</final_intermol_NRG>
			<internal_ligand_NRG>-2.71</internal_ligand_NRG>
			<torsonial_free_NRG> 2.09</torsonial_free_NRG>
			<tran0>8.923588 13.980659 13.494628</tran0>
			<axisangle0>0.77109096 0.38314958 0.50854216 207.654160</axisangle0>
			<ndihe>9</ndihe>
			<dihe0>280.032135 139.927872 118.826988 309.396027 342.429962 246.205368 296.778564 42.361534 339.488770
			</dihe0>
		</run>
		<run id="11">
			<free_NRG_binding>   -8.95</free_NRG_binding>
			<final_intermol_NRG> -11.04</final_intermol_NRG>
			<internal_ligand_NRG>-2.71</internal_ligand_NRG>
			<torsonial_free_NRG> 2.09</torsonial_free_NRG>
			<tran0>9.005010 13.963576 13.485440</tran0>
			<axisangle0>-0.76431364 -0.40113883 -0.50488840 150.698410</axisangle0>
			<ndihe>9</ndihe>
			<dihe0>278.166138 136.568604 118.500923 308.854187 353.528809 246.026764 285.200104 42.100666 339.507751
			</dihe0>
		</run>
		<run id="14">
			<free_NRG_binding>   -8.94</free_NRG_binding>
			<final_intermol_NRG> -11.03</final_intermol_NRG>
			<internal_ligand_NRG>-2.71</internal_ligand_NRG>
			<torsonial_free_NRG> 2.09</torsonial_free_NRG>
			<tran0>8.932047 13.870136 13.437776</tran0>
			<axisangle0>0.77422041 0.36262782 0.51873290 208.539429</axisangle0>
			<ndihe>9</ndihe>
			<dihe0>276.975555 141.548935 119.810677 308.939819 332.002563 249.865936 300.033691 42.497849 339.673401
			</dihe0>
		</run>
		<run id="3">
			<free_NRG_binding>   -8.92</free_NRG_binding>
			<final_intermol_NRG> -11.01</final_intermol_NRG>
			<internal_ligand_NRG>-2.71</internal_ligand_NRG>
			<torsonial_free_NRG> 2.09</torsonial_free_NRG>
			<tran0>8.974156 13.907022 13.449510</tran0>
			<axisangle0>-0.76660788 -0.38204250 -0.51609677 150.486298</axisangle0>
			<ndihe>9</ndihe>
			<dihe0>277.335724 138.289566 121.933617 308.975739 343.253937 249.645355 289.894257 42.222092 339.613403
			</dihe0>
		</run>
		<run id="19">
			<free_NRG_binding>   -8.92</free_NRG_binding>
			<final_intermol_NRG> -11.01</final_intermol_NRG>
			<internal_ligand_NRG>-2.76</internal_ligand_NRG>
			<torsonial_free_NRG> 2.09</torsonial_free_NRG>
			<tran0>8.936997 13.981393 13.470297</tran0>
			<axisangle0>-0.77015833 -0.38673420 -0.50724037 152.185104</axisangle0>
			<ndihe>9</ndihe>
			<dihe0>279.276978 139.516327 153.499390 310.900208 344.393219 247.358139 294.718567 40.545128 339.977081
			</dihe0>
		</run>
		<run id="5">
			<free_NRG_binding>   -8.88</free_NRG_binding>
			<final_intermol_NRG> -10.97</final_intermol_NRG>
			<internal_ligand_NRG>-2.75</internal_ligand_NRG>
			<torsonial_free_NRG> 2.09</torsonial_free_NRG>
			<tran0>8.975644 13.960104 13.469504</tran0>
			<axisangle0>0.76821817 0.39283788 0.50548912 208.560287</axisangle0>
			<ndihe>9</ndihe>
			<dihe0>99.470604 139.091049 153.306091 310.336456 348.636963 247.837082 290.538788 38.435459 340.598755
			</dihe0>
		</run>
		<run id="20">
			<free_NRG_binding>   -8.85</free_NRG_binding>
			<final_intermol_NRG> -10.94</final_intermol_NRG>
			<internal_ligand_NRG>-2.77</internal_ligand_NRG>
			<torsonial_free_NRG> 2.09</torsonial_free_NRG>
			<tran0>8.945326 13.953163 13.480961</tran0>
			<axisangle0>-0.76779184 -0.38885084 -0.50920597 151.408722</axisangle0>
			<ndihe>9</ndihe>
			<dihe0>105.372200 138.171204 153.260162 310.223755 345.588531 246.604584 292.282288 42.290119 339.653442
			</dihe0>
		</run>
		<run id="16">
			<free_NRG_binding>   -8.81</free_NRG_binding>
			<final_intermol_NRG> -10.90</final_intermol_NRG>
			<internal_ligand_NRG>-2.75</internal_ligand_NRG>
			<torsonial_free_NRG> 2.09</torsonial_free_NRG>
			<tran0>8.927107 13.959931 13.421598</tran0>
			<axisangle0>-0.77261359 -0.37763231 -0.51035486 151.892029</axisangle0>
			<ndihe>9</ndihe>
			<dihe0>273.774719 140.159622 117.305054 261.482300 338.772278 248.544113 296.915375 42.331940 339.667969
			</dihe0>
		</run>
		<run id="7">
			<free_NRG_binding>   -8.66</free_NRG_binding>
			<final_intermol_NRG> -10.75</final_intermol_NRG>
			<internal_ligand_NRG>-2.94</internal_ligand_NRG>
			<torsonial_free_NRG> 2.09</torsonial_free_NRG>
			<tran0>8.873388 12.576259 11.209036</tran0>
			<axisangle0>-0.75989412 -0.28580799 -0.58384477 177.541504</axisangle0>
			<ndihe>9</ndihe>
			<dihe0>358.273804 172.650940 119.107796 306.760895 287.419250 317.154083 57.826107 272.193726 343.890717
			</dihe0>
		</run>
		<run id="17">
			<free_NRG_binding>   -8.65</free_NRG_binding>
			<final_intermol_NRG> -10.74</final_intermol_NRG>
			<internal_ligand_NRG>-2.94</internal_ligand_NRG>
			<torsonial_free_NRG> 2.09</torsonial_free_NRG>
			<tran0>8.848005 12.621280 11.252453</tran0>
			<axisangle0>0.74675827 0.29497978 0.59610319 181.177856</axisangle0>
			<ndihe>9</ndihe>
			<dihe0>358.745117 168.424805 119.419518 306.371063 287.818909 319.219513 52.472301 274.251709 344.620972
			</dihe0>
		</run>
		<run id="12">
			<free_NRG_binding>   -8.60</free_NRG_binding>
			<final_intermol_NRG> -10.69</final_intermol_NRG>
			<internal_ligand_NRG>-2.78</internal_ligand_NRG>
			<torsonial_free_NRG> 2.09</torsonial_free_NRG>
			<tran0>9.046379 13.795435 13.426373</tran0>
			<axisangle0>0.76259608 0.39918825 0.50901469 209.698685</axisangle0>
			<ndihe>9</ndihe>
			<dihe0>273.596436 137.619812 154.451187 310.413910 83.420990 221.340302 281.394470 36.173817 334.830078
			</dihe0>
		</run>
		<run id="9">
			<free_NRG_binding>   -8.60</free_NRG_binding>
			<final_intermol_NRG> -10.69</final_intermol_NRG>
			<internal_ligand_NRG>-2.97</internal_ligand_NRG>
			<torsonial_free_NRG> 2.09</torsonial_free_NRG>
			<tran0>9.032305 12.218804 11.608537</tran0>
			<axisangle0>0.72161831 0.12664101 0.68060934 186.222260</axisangle0>
			<ndihe>9</ndihe>
			<dihe0>154.509094 184.077393 143.529312 307.632080 264.021729 239.249496 7.539925 272.364502 344.115112
			</dihe0>
		</run>
		<run id="13">
			<free_NRG_binding>   -8.48</free_NRG_binding>
			<final_intermol_NRG> -10.57</final_intermol_NRG>
			<internal_ligand_NRG>-2.98</internal_ligand_NRG>
			<torsonial_free_NRG> 2.09</torsonial_free_NRG>
			<tran0>8.950642 13.136415 11.173661</tran0>
			<axisangle0>0.71329403 0.46331721 0.52587906 174.517120</axisangle0>
			<ndihe>9</ndihe>
			<dihe0>180.794785 334.498352 117.436577 306.953644 313.144226 347.948303 14.511600 278.619202 345.719788
			</dihe0>
		</run>
		<run id="6">
			<free_NRG_binding>   -8.41</free_NRG_binding>
			<final_intermol_NRG> -10.49</final_intermol_NRG>
			<internal_ligand_NRG>-2.99</internal_ligand_NRG>
			<torsonial_free_NRG> 2.09</torsonial_free_NRG>
			<tran0>9.083918 13.344383 11.388255</tran0>
			<axisangle0>-0.69442592 -0.51979013 -0.49758503 184.599213</axisangle0>
			<ndihe>9</ndihe>
			<dihe0>180.934570 324.546722 117.882019 307.002014 324.799835 1.220921 359.595795 275.651642 345.410858
			</dihe0>
		</run>
		<run id="8">
			<free_NRG_binding>   -7.86</free_NRG_binding>
			<final_intermol_NRG> -9.95</final_intermol_NRG>
			<internal_ligand_NRG>-2.63</internal_ligand_NRG>
			<torsonial_free_NRG> 2.09</torsonial_free_NRG>
			<tran0>8.711594 12.729857 10.993215</tran0>
			<axisangle0>0.73811895 0.36925774 0.56464957 170.108292</axisangle0>
			<ndihe>9</ndihe>
			<dihe0>190.221558 350.412872 118.871597 113.221962 290.309235 346.520569 41.810181 353.643860 343.730652
			</dihe0>
		</run>
		<run id="18">
			<free_NRG_binding>   -7.78</free_NRG_binding>
			<final_intermol_NRG> -9.87</final_intermol_NRG>
			<internal_ligand_NRG>-2.52</internal_ligand_NRG>
			<torsonial_free_NRG> 2.09</torsonial_free_NRG>
			<tran0>8.621530 12.139555 11.260137</tran0>
			<axisangle0>-0.74076904 -0.13989494 -0.65703168 182.014618</axisangle0>
			<ndihe>9</ndihe>
			<dihe0>268.291290 20.500071 124.906395 94.685684 115.440880 351.372833 87.850822 123.896927 347.056244
			</dihe0>
		</run>
		<run id="4">
			<free_NRG_binding>   -7.50</free_NRG_binding>
			<final_intermol_NRG> -9.59</final_intermol_NRG>
			<internal_ligand_NRG>-2.67</internal_ligand_NRG>
			<torsonial_free_NRG> 2.09</torsonial_free_NRG>
			<tran0>9.104882 13.392878 13.426565</tran0>
			<axisangle0>-0.77729542 -0.40693274 -0.47980993 161.265427</axisangle0>
			<ndihe>9</ndihe>
			<dihe0>86.140076 150.304398 119.941635 136.440979 93.369331 186.605545 296.673462 34.566967 336.469330
			</dihe0>
		</run>
		<run id="1">
			<free_NRG_binding>   -7.48</free_NRG_binding>
			<final_intermol_NRG> -9.57</final_intermol_NRG>
			<internal_ligand_NRG>-2.72</internal_ligand_NRG>
			<torsonial_free_NRG> 2.09</torsonial_free_NRG>
			<tran0>9.180376 13.518270 13.415920</tran0>
			<axisangle0>0.76899566 0.44845236 0.45556136 200.362411</axisangle0>
			<ndihe>9</ndihe>
			<dihe0>260.810425 142.494995 119.039009 151.182449 96.143211 181.045425 293.360199 44.564594 338.692505
			</dihe0>
		</run>
		<run id="2">
			<free_NRG_binding>   -7.37</free_NRG_binding>
			<final_intermol_NRG> -9.45</final_intermol_NRG>
			<internal_ligand_NRG>-2.75</internal_ligand_NRG>
			<torsonial_free_NRG> 2.09</torsonial_free_NRG>
			<tran0>9.239033 13.498588 13.417205</tran0>
			<axisangle0>-0.75702757 -0.48103301 -0.44217249 158.255615</axisangle0>
			<ndihe>9</ndihe>
			<dihe0>267.903198 139.269043 118.787628 165.867920 102.223824 171.721268 290.040680 41.650078 339.904205
			</dihe0>
		</run>
		<run id="15">
			<free_NRG_binding>   -6.55</free_NRG_binding>
			<final_intermol_NRG> -8.64</final_intermol_NRG>
			<internal_ligand_NRG>-2.77</internal_ligand_NRG>
			<torsonial_free_NRG> 2.09</torsonial_free_NRG>
			<tran0>9.166283 12.667887 12.351993</tran0>
			<axisangle0>0.72313542 0.39410417 0.56723634 175.403732</axisangle0>
			<ndihe>9</ndihe>
			<dihe0>180.467957 159.978058 118.972549 125.633293 258.337402 23.688999 12.961920 299.244446 346.300690
			</dihe0>
		</run>
	</runs>
	<result>
		<clustering_histogram>
			<cluster cluster_rank="1" lowest_binding_energy="-8.99" run="10" mean_binding_energy="-8.52" num_in_clus="12" />
			<cluster cluster_rank="2" lowest_binding_energy="-8.66" run="7" mean_binding_energy="-8.12" num_in_clus="8" />
		</clustering_histogram>
		<rmsd_table>
			<run rank="1" sub_rank="1" run="10" binding_energy="-8.99" cluster_rmsd="0.00" reference_rmsd="36.20" />
			<run rank="1" sub_rank="2" run="11" binding_energy="-8.95" cluster_rmsd="0.10" reference_rmsd="36.24" />
			<run rank="1" sub_rank="3" run="14" binding_energy="-8.94" cluster_rmsd="0.19" reference_rmsd="36.30" />
			<run rank="1" sub_rank="4" run="3" binding_energy="-8.92" cluster_rmsd="0.16" reference_rmsd="36.29" />
			<run rank="1" sub_rank="5" run="19" binding_energy="-8.92" cluster_rmsd="0.12" reference_rmsd="36.22" />
			<run rank="1" sub_rank="6" run="5" binding_energy="-8.88" cluster_rmsd="0.14" reference_rmsd="36.26" />
			<run rank="1" sub_rank="7" run="20" binding_energy="-8.85" cluster_rmsd="0.13" reference_rmsd="36.25" />
			<run rank="1" sub_rank="8" run="16" binding_energy="-8.81" cluster_rmsd="0.17" reference_rmsd="36.24" />
			<run rank="1" sub_rank="9" run="12" binding_energy="-8.60" cluster_rmsd="0.49" reference_rmsd="36.33" />
			<run rank="1" sub_rank="10" run="4" binding_energy="-7.50" cluster_rmsd="1.01" reference_rmsd="36.60" />
			<run rank="1" sub_rank="11" run="1" binding_energy="-7.48" cluster_rmsd="1.07" reference_rmsd="36.50" />
			<run rank="1" sub_rank="12" run="2" binding_energy="-7.37" cluster_rmsd="1.11" reference_rmsd="36.55" />
			<run rank="2" sub_rank="1" run="7" binding_energy="-8.66" cluster_rmsd="0.00" reference_rmsd="37.53" />
			<run rank="2" sub_rank="2" run="17" binding_energy="-8.65" cluster_rmsd="0.15" reference_rmsd="37.49" />
			<run rank="2" sub_rank="3" run="9" binding_energy="-8.60" cluster_rmsd="1.25" reference_rmsd="37.84" />
			<run rank="2" sub_rank="4" run="13" binding_energy="-8.48" cluster_rmsd="0.81" reference_rmsd="37.76" />
			<run rank="2" sub_rank="5" run="6" binding_energy="-8.41" cluster_rmsd="0.91" reference_rmsd="37.59" />
			<run rank="2" sub_rank="6" run="8" binding_energy="-7.86" cluster_rmsd="0.96" reference_rmsd="38.13" />
			<run rank="2" sub_rank="7" run="18" binding_energy="-7.78" cluster_rmsd="1.56" reference_rmsd="38.59" />
			<run rank="2" sub_rank="8" run="15" binding_energy="-6.55" cluster_rmsd="1.15" reference_rmsd="37.32" />
		</rmsd_table>
	</result>
</autodock_gpu>
